MAE,RMSE,MAPE,model,random_state,dataset,target,n_rows,n_features,run
0.06891118490949927,0.09509223987499806,3.312291015699812,LinearRegression,0,cranium,time,1919,11,1
0.040663281250000044,0.0540915960159118,2.034115276412563,RandomForest,0,cranium,time,1919,11,1
0.06585145961879163,0.09399888030996251,3.2192855792278854,LinearRegression,1,cranium,time,1919,11,2
0.039646701388888796,0.05208348791643717,2.008463340509071,RandomForest,1,cranium,time,1919,11,2
0.07227785529270522,0.10116437987218523,3.4807470685305284,LinearRegression,2,cranium,time,1919,11,3
0.042994704861111094,0.05514044005392298,2.139265175974161,RandomForest,2,cranium,time,1919,11,3
0.06950669215281596,0.09762751457462678,3.3430141511942346,LinearRegression,3,cranium,time,1919,11,4
0.038898177083333464,0.05107416469683262,1.9527859474485105,RandomForest,3,cranium,time,1919,11,4
0.0721027528412545,0.1024185528640998,3.3781955559494397,LinearRegression,4,cranium,time,1919,11,5
0.041858072916666704,0.05487082079599675,2.049905513643216,RandomForest,4,cranium,time,1919,11,5
0.07390744004108743,0.10175278027736546,3.582966425510202,LinearRegression,5,cranium,time,1919,11,6
0.04189973958333347,0.054641027118988876,2.083699852418046,RandomForest,5,cranium,time,1919,11,6
0.07015392762667705,0.09741315022708225,3.319435604648825,LinearRegression,6,cranium,time,1919,11,7
0.04113741319444467,0.05276179958700936,2.0269585438356126,RandomForest,6,cranium,time,1919,11,7
0.06677546877763242,0.09148423069161128,3.2772556691389085,LinearRegression,7,cranium,time,1919,11,8
0.04014019097222224,0.05109027128830399,1.993930286871542,RandomForest,7,cranium,time,1919,11,8
0.0682629402739728,0.09603679838838582,3.2753329672208515,LinearRegression,8,cranium,time,1919,11,9
0.04153550347222225,0.053788079655448164,2.0625390903198193,RandomForest,8,cranium,time,1919,11,9
0.06762994260850914,0.09284563048973485,3.221647013037284,LinearRegression,9,cranium,time,1919,11,10
0.04021744791666664,0.05293136184569878,2.0032071082406224,RandomForest,9,cranium,time,1919,11,10
0.07090095041266815,0.09920260517285372,3.3582449108463517,LinearRegression,10,cranium,time,1919,11,11
0.039275173611111124,0.051172548352228016,1.9546981574742366,RandomForest,10,cranium,time,1919,11,11
0.06705461093509471,0.09330818106978217,3.2155216647115514,LinearRegression,11,cranium,time,1919,11,12
0.0391140624999999,0.05114171504125668,1.9376063659351679,RandomForest,11,cranium,time,1919,11,12
0.06799647318731708,0.09333405029301665,3.313024661331318,LinearRegression,12,cranium,time,1919,11,13
0.04184418402777784,0.05402526467394944,2.099484117030456,RandomForest,12,cranium,time,1919,11,13
0.07101181933098595,0.09741676907432352,3.404542106799322,LinearRegression,13,cranium,time,1919,11,14
0.04070659722222238,0.053022828466064334,2.0359592027104236,RandomForest,13,cranium,time,1919,11,14
0.0677894007773594,0.09253091843187992,3.2302695976766715,LinearRegression,14,cranium,time,1919,11,15
0.04068923611111118,0.05226900322291094,2.0200447115893807,RandomForest,14,cranium,time,1919,11,15
0.06995228285170693,0.09962350857882458,3.4488036868191956,LinearRegression,15,cranium,time,1919,11,16
0.040247135416666545,0.052090577871160094,2.0283580744834007,RandomForest,15,cranium,time,1919,11,16
0.06707463304070853,0.09482917897759939,3.1585286749152757,LinearRegression,16,cranium,time,1919,11,17
0.03966614583333328,0.052130620866669634,1.9800326256380267,RandomForest,16,cranium,time,1919,11,17
0.07027486727324142,0.09776647166964615,3.362539137994274,LinearRegression,17,cranium,time,1919,11,18
0.03852248263888888,0.05002582661978763,1.9232003227331664,RandomForest,17,cranium,time,1919,11,18
0.07075035665625637,0.09846236811179165,3.3421015342936427,LinearRegression,18,cranium,time,1919,11,19
0.03889531249999984,0.050717324336435644,1.9113897412223735,RandomForest,18,cranium,time,1919,11,19
0.07298589918399373,0.10072007650156595,3.43954151173915,LinearRegression,19,cranium,time,1919,11,20
0.041249999999999926,0.053448593228031256,2.038020134557226,RandomForest,19,cranium,time,1919,11,20
0.0720165609992067,0.10071868687694262,3.383641138542791,LinearRegression,20,cranium,time,1919,11,21
0.04061484374999979,0.052501681810032945,1.9851329509080904,RandomForest,20,cranium,time,1919,11,21
0.06850841006924474,0.09868463604302374,3.2155015538576595,LinearRegression,21,cranium,time,1919,11,22
0.04004609375000011,0.05153249872147848,2.010455674878659,RandomForest,21,cranium,time,1919,11,22
0.06819703420182094,0.09435395840775805,3.3525744869053464,LinearRegression,22,cranium,time,1919,11,23
0.040820833333333334,0.05369291566592702,2.0574474285579245,RandomForest,22,cranium,time,1919,11,23
0.07394448990009196,0.10087053887966829,3.6187917845383395,LinearRegression,23,cranium,time,1919,11,24
0.04096666666666659,0.05236297975961212,2.0471761185613366,RandomForest,23,cranium,time,1919,11,24
0.06874589963599814,0.09740866805576988,3.3166143574784988,LinearRegression,24,cranium,time,1919,11,25
0.040566840277777745,0.05273409918652128,1.990582674774321,RandomForest,24,cranium,time,1919,11,25
0.0729290855630185,0.10316920718148632,3.430341740209543,LinearRegression,25,cranium,time,1919,11,26
0.04034782986111123,0.05273803556225137,2.008663239510012,RandomForest,25,cranium,time,1919,11,26
0.06802420852907448,0.09719157313841263,3.251741481656402,LinearRegression,26,cranium,time,1919,11,27
0.03951979166666672,0.05212452321258102,1.9434115892592123,RandomForest,26,cranium,time,1919,11,27
0.06718043561565508,0.09501311848442935,3.261626491250184,LinearRegression,27,cranium,time,1919,11,28
0.039213888888888916,0.050855708787897635,1.9743688349965636,RandomForest,27,cranium,time,1919,11,28
0.06997569085321759,0.09717893663897152,3.3066446962234783,LinearRegression,28,cranium,time,1919,11,29
0.04033029513888895,0.052803533385757974,2.0190360973841592,RandomForest,28,cranium,time,1919,11,29
0.07131056779666256,0.0994585194362234,3.4228095914561245,LinearRegression,29,cranium,time,1919,11,30
0.04129262152777771,0.053483882769913255,2.0556366761158826,RandomForest,29,cranium,time,1919,11,30
0.23352188180982691,0.3182386613715836,3.8024296250801712,LinearRegression,0,cubus,time,1919,11,1
0.11360954861111099,0.14608358421256282,1.843749201888905,RandomForest,0,cubus,time,1919,11,1
0.23557288121012604,0.3253504665113976,3.8721374148737047,LinearRegression,1,cubus,time,1919,11,2
0.11214418402777832,0.14651721725536948,1.8157030946395265,RandomForest,1,cubus,time,1919,11,2
0.24744373370843864,0.33567810760782535,4.032758232262931,LinearRegression,2,cubus,time,1919,11,3
0.11701380208333324,0.1510911409058886,1.88258609172086,RandomForest,2,cubus,time,1919,11,3
0.24176668013999977,0.33069700560234183,3.9283023796729766,LinearRegression,3,cubus,time,1919,11,4
0.11365850694444496,0.1465896903231189,1.8336207844923063,RandomForest,3,cubus,time,1919,11,4
0.2497498076915192,0.3481964057972713,4.007836466410511,LinearRegression,4,cubus,time,1919,11,5
0.11867204861111125,0.15485002839329076,1.8954162909386483,RandomForest,4,cubus,time,1919,11,5
0.24882142295377468,0.33974533914648486,4.065065887289563,LinearRegression,5,cubus,time,1919,11,6
0.11499227430555553,0.14836481002346433,1.8580669739736462,RandomForest,5,cubus,time,1919,11,6
0.24519377755506097,0.33608625419286414,3.9385481052077003,LinearRegression,6,cubus,time,1919,11,7
0.11919618055555573,0.15697748519891344,1.888934378970475,RandomForest,6,cubus,time,1919,11,7
0.23975674826771065,0.3201430437431422,3.966320247777407,LinearRegression,7,cubus,time,1919,11,8
0.11494331597222263,0.14700132878332287,1.880203986763234,RandomForest,7,cubus,time,1919,11,8
0.23653068710865746,0.32493022131291893,3.8114015694722,LinearRegression,8,cubus,time,1919,11,9
0.11552369791666707,0.14504276466176866,1.869824695812855,RandomForest,8,cubus,time,1919,11,9
0.23897722820566017,0.3317789578199106,3.86323681638856,LinearRegression,9,cubus,time,1919,11,10
0.11869635416666677,0.15551905240105565,1.8957044223172232,RandomForest,9,cubus,time,1919,11,10
0.2572355671957183,0.3556450877994348,4.150889057209792,LinearRegression,10,cubus,time,1919,11,11
0.11883871527777796,0.1531854808278462,1.9262170910067475,RandomForest,10,cubus,time,1919,11,11
0.24426820123576812,0.3260619598685533,3.9451193260031734,LinearRegression,11,cubus,time,1919,11,12
0.11784288194444478,0.15264598024991846,1.8864859988232199,RandomForest,11,cubus,time,1919,11,12
0.2324400442821156,0.31819122165047503,3.825365289909599,LinearRegression,12,cubus,time,1919,11,13
0.11824131944444484,0.1513110955290737,1.9134527820331009,RandomForest,12,cubus,time,1919,11,13
0.242125640975264,0.33569070943013374,3.897752548173043,LinearRegression,13,cubus,time,1919,11,14
0.11764210069444436,0.14671904999377694,1.9090060904727861,RandomForest,13,cubus,time,1919,11,14
0.23723453445894288,0.3250213263518174,3.8645484035734605,LinearRegression,14,cubus,time,1919,11,15
0.11082248263888898,0.14105746804949693,1.7926953730117712,RandomForest,14,cubus,time,1919,11,15
0.2375808479065703,0.32626264821746,3.8419998414510514,LinearRegression,15,cubus,time,1919,11,16
0.11684331597222247,0.1489001580309175,1.8892705931660585,RandomForest,15,cubus,time,1919,11,16
0.24310493253037435,0.334901174267587,3.90334052109359,LinearRegression,16,cubus,time,1919,11,17
0.11904131944444472,0.15274059226121164,1.91164036123773,RandomForest,16,cubus,time,1919,11,17
0.2448057303791465,0.3358994519474097,3.986528132739912,LinearRegression,17,cubus,time,1919,11,18
0.1148474826388889,0.14726174019706575,1.858329942437473,RandomForest,17,cubus,time,1919,11,18
0.2468076885265868,0.34485451771725556,3.9676834314305367,LinearRegression,18,cubus,time,1919,11,19
0.11288897569444417,0.14774090856417527,1.7991782179983047,RandomForest,18,cubus,time,1919,11,19
0.2503389605512489,0.34093818746701876,3.989322680393878,LinearRegression,19,cubus,time,1919,11,20
0.12405468750000044,0.16102758740740752,1.9694508749327895,RandomForest,19,cubus,time,1919,11,20
0.25126256611253706,0.3402478663065195,4.030225365238379,LinearRegression,20,cubus,time,1919,11,21
0.11639010416666634,0.1499319086482354,1.857342820492237,RandomForest,20,cubus,time,1919,11,21
0.24366177478082168,0.3379925856856462,3.913688182868786,LinearRegression,21,cubus,time,1919,11,22
0.11806597222222252,0.15067783844435856,1.9079957253170527,RandomForest,21,cubus,time,1919,11,22
0.23529239133049554,0.32016963215056854,3.8484655780023727,LinearRegression,22,cubus,time,1919,11,23
0.12304696180555602,0.15928764023215788,1.9642487400654243,RandomForest,22,cubus,time,1919,11,23
0.2505904604326796,0.3461073898963256,4.113102447786864,LinearRegression,23,cubus,time,1919,11,24
0.1174871527777784,0.14714827222600133,1.9258902357870769,RandomForest,23,cubus,time,1919,11,24
0.2383257582674556,0.3252594480982181,3.7927436095421903,LinearRegression,24,cubus,time,1919,11,25
0.12095034722222225,0.1550395475981673,1.9098773193087077,RandomForest,24,cubus,time,1919,11,25
0.2534168830481975,0.34075689485551575,4.024111723734264,LinearRegression,25,cubus,time,1919,11,26
0.11904253472222265,0.15293889470031133,1.8874186691386088,RandomForest,25,cubus,time,1919,11,26
0.2372144488975514,0.3331031837630721,3.8377421439243884,LinearRegression,26,cubus,time,1919,11,27
0.11545078124999988,0.15080562557719482,1.858692790386693,RandomForest,26,cubus,time,1919,11,27
0.23322127053038214,0.3208794665021408,3.843003774505533,LinearRegression,27,cubus,time,1919,11,28
0.11284644097222264,0.14506842355599303,1.850396822118974,RandomForest,27,cubus,time,1919,11,28
0.24805228711248675,0.33914492692754666,4.089636460083311,LinearRegression,28,cubus,time,1919,11,29
0.11506128472222235,0.14847404035629366,1.8804951921533999,RandomForest,28,cubus,time,1919,11,29
0.24919440250700506,0.33841773124907326,4.046811478854625,LinearRegression,29,cubus,time,1919,11,30
0.12104296875000012,0.15520812532144884,1.9374157959179332,RandomForest,29,cubus,time,1919,11,30
0.057239304655599454,0.07454862111987698,3.202845412321019,LinearRegression,0,flame,time,1919,11,1
0.03781536458333343,0.0476604813239934,2.113247658418638,RandomForest,0,flame,time,1919,11,1
0.05487533570315401,0.07418557210063367,3.083184935296695,LinearRegression,1,flame,time,1919,11,2
0.03580755208333343,0.046045524206801865,2.0027268065273116,RandomForest,1,flame,time,1919,11,2
0.05857237478171065,0.07821324712819669,3.243650429445129,LinearRegression,2,flame,time,1919,11,3
0.03601840277777798,0.04640854376112013,1.9901155617604063,RandomForest,2,flame,time,1919,11,3
0.058826654909731824,0.07778190668667165,3.265157895025187,LinearRegression,3,flame,time,1919,11,4
0.036890711805555795,0.047283026789703926,2.0474456149517555,RandomForest,3,flame,time,1919,11,4
0.05920247477179366,0.0794212903710997,3.269632335353788,LinearRegression,4,flame,time,1919,11,5
0.037206423611111365,0.04802182645393926,2.0422030053168267,RandomForest,4,flame,time,1919,11,5
0.05955906566250713,0.07909696480931774,3.3124673144350574,LinearRegression,5,flame,time,1919,11,6
0.03729730902777776,0.04689508953763779,2.065907470953451,RandomForest,5,flame,time,1919,11,6
0.05966764658012405,0.07966713968134731,3.276138780891776,LinearRegression,6,flame,time,1919,11,7
0.03747699652777771,0.04883645143451026,2.0539022655253163,RandomForest,6,flame,time,1919,11,7
0.05691158316845381,0.07334504018168017,3.2100360100527006,LinearRegression,7,flame,time,1919,11,8
0.03620130208333332,0.046095422191890355,2.0203978550877535,RandomForest,7,flame,time,1919,11,8
0.05823667865092687,0.07745433485351212,3.2079113037710285,LinearRegression,8,flame,time,1919,11,9
0.03607222222222211,0.04641422121026659,2.0024463052279056,RandomForest,8,flame,time,1919,11,9
0.05618890481375,0.07483635277133295,3.081577476773635,LinearRegression,9,flame,time,1919,11,10
0.03462612847222238,0.04451964341921028,1.9008234660987464,RandomForest,9,flame,time,1919,11,10
0.05858434551084955,0.07904638069647608,3.2313081765881977,LinearRegression,10,flame,time,1919,11,11
0.03662760416666667,0.046596642031493204,2.0440111233855722,RandomForest,10,flame,time,1919,11,11
0.05877412222991241,0.07730045419042307,3.2455714312863386,LinearRegression,11,flame,time,1919,11,12
0.038148003472222296,0.04878607857446249,2.0907195581764944,RandomForest,11,flame,time,1919,11,12
0.05585232498256351,0.07402337269431963,3.1521176402824223,LinearRegression,12,flame,time,1919,11,13
0.03705815972222229,0.04781879170658536,2.059716713733418,RandomForest,12,flame,time,1919,11,13
0.05945045077924596,0.07870500583136973,3.2794099519126574,LinearRegression,13,flame,time,1919,11,14
0.03596961805555584,0.04719584767958379,1.9953289976672544,RandomForest,13,flame,time,1919,11,14
0.05664854819873682,0.07438637614226255,3.1293713133965833,LinearRegression,14,flame,time,1919,11,15
0.035694010416666797,0.04603058996660411,1.9627827324389298,RandomForest,14,flame,time,1919,11,15
0.05636494176055375,0.07680696844409327,3.1342673671951413,LinearRegression,15,flame,time,1919,11,16
0.036724045138889126,0.04736305858553071,2.018119064872938,RandomForest,15,flame,time,1919,11,16
0.05696818170674492,0.075551579943274,3.1239236847147316,LinearRegression,16,flame,time,1919,11,17
0.036867795138889076,0.04725497222699032,2.060201174346333,RandomForest,16,flame,time,1919,11,17
0.05741639701560134,0.07698145104905449,3.2026694788399874,LinearRegression,17,flame,time,1919,11,18
0.03526128472222244,0.0457160891513228,1.9526008380219826,RandomForest,17,flame,time,1919,11,18
0.06087541176893051,0.08055528406463996,3.3589923135819886,LinearRegression,18,flame,time,1919,11,19
0.03631197916666673,0.046114492178586285,1.9902468142956529,RandomForest,18,flame,time,1919,11,19
0.05989792077028912,0.07785689643869817,3.2512658740498863,LinearRegression,19,flame,time,1919,11,20
0.03835668402777797,0.049271004448258326,2.0888476544669023,RandomForest,19,flame,time,1919,11,20
0.060776181633261955,0.07959658211191775,3.3213307201919866,LinearRegression,20,flame,time,1919,11,21
0.03535173611111135,0.04585521352735066,1.9277165784241563,RandomForest,20,flame,time,1919,11,21
0.05544870224520732,0.07503588458809271,3.051354750278869,LinearRegression,21,flame,time,1919,11,22
0.03562847222222233,0.045886150722467656,1.9922998094772264,RandomForest,21,flame,time,1919,11,22
0.05571466043230866,0.07475788389918787,3.081151286597281,LinearRegression,22,flame,time,1919,11,23
0.036802517361111196,0.04825776055716913,2.0218367947837463,RandomForest,22,flame,time,1919,11,23
0.05921642335294261,0.07883656965922797,3.3357817103944476,LinearRegression,23,flame,time,1919,11,24
0.036285243055555735,0.04651132375935182,2.0150244601948724,RandomForest,23,flame,time,1919,11,24
0.05722515831566528,0.07564814377685163,3.104281744070721,LinearRegression,24,flame,time,1919,11,25
0.03656727430555571,0.0458447265668917,1.9860668259751943,RandomForest,24,flame,time,1919,11,25
0.060107112859308524,0.07976438469659405,3.2569743088657357,LinearRegression,25,flame,time,1919,11,26
0.03604930555555552,0.045982376605970765,1.9669966122145097,RandomForest,25,flame,time,1919,11,26
0.0577041478027041,0.07756139722265158,3.1970838768347165,LinearRegression,26,flame,time,1919,11,27
0.03620060763888895,0.04624545862651169,1.9926801049618372,RandomForest,26,flame,time,1919,11,27
0.05612395024661275,0.07524405131610046,3.1466816081161952,LinearRegression,27,flame,time,1919,11,28
0.035665624999999895,0.045552464887112995,1.9951488386841878,RandomForest,27,flame,time,1919,11,28
0.05724089852147737,0.07541545312159195,3.2237728861060098,LinearRegression,28,flame,time,1919,11,29
0.03641171875000024,0.04584898194033648,2.0511728300361973,RandomForest,28,flame,time,1919,11,29
0.06060640144020647,0.08004111342794694,3.356057389462637,LinearRegression,29,flame,time,1919,11,30
0.03780937500000017,0.04861861042351889,2.0763941691073318,RandomForest,29,flame,time,1919,11,30
0.14611122734692705,0.19186882533350497,3.9688374178986097,LinearRegression,0,france,time,1919,11,1
0.07697586805555584,0.0991677583973524,2.1968694332927603,RandomForest,0,france,time,1919,11,1
0.1375938118039804,0.18676693658465773,3.831415457503228,LinearRegression,1,france,time,1919,11,2
0.0747921006944447,0.09705648191349016,2.138452697518263,RandomForest,1,france,time,1919,11,2
0.1467629174074797,0.1923342927335789,4.010402214346369,LinearRegression,2,france,time,1919,11,3
0.07754348958333351,0.10018431098497803,2.187993362949954,RandomForest,2,france,time,1919,11,3
0.14753673262100941,0.19242609054569465,4.047736017051137,LinearRegression,3,france,time,1919,11,4
0.07732274305555517,0.10079249237466642,2.1977286593747594,RandomForest,3,france,time,1919,11,4
0.15168996514651928,0.20366225646079508,4.036675657579117,LinearRegression,4,france,time,1919,11,5
0.08400355902777794,0.10969265813686886,2.352232607269088,RandomForest,4,france,time,1919,11,5
0.14713997899968081,0.19366000504994682,4.056728755094005,LinearRegression,5,france,time,1919,11,6
0.08227013888888896,0.10499430924558896,2.3703965342467366,RandomForest,5,france,time,1919,11,6
0.1485653661108122,0.19568748221241158,3.9761246160643853,LinearRegression,6,france,time,1919,11,7
0.08298593749999977,0.10703598661457508,2.3319507736630603,RandomForest,6,france,time,1919,11,7
0.14664257894012267,0.18832182950486678,4.073006142536087,LinearRegression,7,france,time,1919,11,8
0.08056258680555563,0.10272313282912078,2.3339456960335996,RandomForest,7,france,time,1919,11,8
0.14634778415721744,0.19356960799192738,3.962108047194088,LinearRegression,8,france,time,1919,11,9
0.08165920138888921,0.10388820605650534,2.3204836695364643,RandomForest,8,france,time,1919,11,9
0.14250480614919311,0.1905137279293418,3.8512099821168433,LinearRegression,9,france,time,1919,11,10
0.07796840277777785,0.10062537374844346,2.228352143724887,RandomForest,9,france,time,1919,11,10
0.14748987952530207,0.19622356862973034,3.9667068099031115,LinearRegression,10,france,time,1919,11,11
0.08473038194444454,0.10667551029419925,2.4221247193801028,RandomForest,10,france,time,1919,11,11
0.13986180226410644,0.1841348296410657,3.7986084568950584,LinearRegression,11,france,time,1919,11,12
0.07790512152777754,0.1009934213212603,2.1986162676347605,RandomForest,11,france,time,1919,11,12
0.14209425096848405,0.18748554681590657,3.857495604546097,LinearRegression,12,france,time,1919,11,13
0.07976779513888928,0.10107678498386106,2.278780846159362,RandomForest,12,france,time,1919,11,13
0.1484318839646343,0.19621478339879267,3.995293924219966,LinearRegression,13,france,time,1919,11,14
0.07882204861111124,0.10178991628492344,2.216407145370464,RandomForest,13,france,time,1919,11,14
0.14734270435851546,0.19375040970257648,3.962452489400143,LinearRegression,14,france,time,1919,11,15
0.0777598958333333,0.09889613448799024,2.230723048667565,RandomForest,14,france,time,1919,11,15
0.14414578910262263,0.18942602591238994,4.055773997660249,LinearRegression,15,france,time,1919,11,16
0.08013333333333317,0.09982491312918808,2.3311197046838776,RandomForest,15,france,time,1919,11,16
0.14294044462880087,0.1882759346995913,3.839051660664577,LinearRegression,16,france,time,1919,11,17
0.08117291666666682,0.10313557748783891,2.311122964471467,RandomForest,16,france,time,1919,11,17
0.1495371422285724,0.19573694195929195,4.02370440163413,LinearRegression,17,france,time,1919,11,18
0.07814895833333375,0.1034188379858683,2.220100546559969,RandomForest,17,france,time,1919,11,18
0.1463918715497564,0.1945211408686666,3.9131169213541477,LinearRegression,18,france,time,1919,11,19
0.08066336805555557,0.10103463510756804,2.2798059238450126,RandomForest,18,france,time,1919,11,19
0.14953219663179254,0.1964470476190403,4.0021918475535125,LinearRegression,19,france,time,1919,11,20
0.08301406250000037,0.10509943105453132,2.32274890205742,RandomForest,19,france,time,1919,11,20
0.149387382037763,0.19744021071412426,3.953723248414729,LinearRegression,20,france,time,1919,11,21
0.07971423611111116,0.1036778311579247,2.2353180962932164,RandomForest,20,france,time,1919,11,21
0.1450425298622301,0.19151711505448027,3.913238723470016,LinearRegression,21,france,time,1919,11,22
0.08050651041666651,0.10627468808355517,2.30158457436422,RandomForest,21,france,time,1919,11,22
0.14523196400801905,0.18774398029223263,4.057945818167427,LinearRegression,22,france,time,1919,11,23
0.0768580729166669,0.098424604865257,2.203572110560765,RandomForest,22,france,time,1919,11,23
0.14969124165415698,0.1931970981087139,4.130642147498104,LinearRegression,23,france,time,1919,11,24
0.07551137152777762,0.0961691943675959,2.1754716851372624,RandomForest,23,france,time,1919,11,24
0.14294159290603656,0.18962979594776772,3.9298348216436843,LinearRegression,24,france,time,1919,11,25
0.08165199652777794,0.10606042051339984,2.311834674878617,RandomForest,24,france,time,1919,11,25
0.1507477565482231,0.19840834375765423,4.07522009891818,LinearRegression,25,france,time,1919,11,26
0.08034782986111136,0.10303987182946202,2.2576811987034517,RandomForest,25,france,time,1919,11,26
0.14675849763640988,0.1934837460748362,3.96100333386913,LinearRegression,26,france,time,1919,11,27
0.0809045138888887,0.10291766139026695,2.2950546940423715,RandomForest,26,france,time,1919,11,27
0.13972408174423429,0.1833154555220207,3.8665681702438532,LinearRegression,27,france,time,1919,11,28
0.07970729166666657,0.10116231388219617,2.3051079620805974,RandomForest,27,france,time,1919,11,28
0.1486445852542544,0.19626102546985777,3.991480861643436,LinearRegression,28,france,time,1919,11,29
0.07800156249999977,0.10192374038547983,2.1887212283516755,RandomForest,28,france,time,1919,11,29
0.14835286369671213,0.19435309551883384,4.035792984134008,LinearRegression,29,france,time,1919,11,30
0.07974157986111077,0.10173797753075554,2.253232450334471,RandomForest,29,france,time,1919,11,30
0.2478712950894723,0.327530742264293,5.145381517790965,LinearRegression,0,frisco,time,1919,11,1
0.14669210069444436,0.185964312107469,3.1970695074089637,RandomForest,0,frisco,time,1919,11,1
0.22872204249454342,0.3067436828628341,4.88148556712246,LinearRegression,1,frisco,time,1919,11,2
0.1515831597222224,0.19143969402830985,3.3302710473270096,RandomForest,1,frisco,time,1919,11,2
0.2524281154861646,0.33707681319198546,5.240932275405862,LinearRegression,2,frisco,time,1919,11,3
0.14831605902777736,0.18805113046528243,3.1928543847479527,RandomForest,2,frisco,time,1919,11,3
0.24055425946016118,0.3226539547016709,4.985021456665728,LinearRegression,3,frisco,time,1919,11,4
0.1480577256944445,0.1849615609817311,3.2088389875028684,RandomForest,3,frisco,time,1919,11,4
0.25564160172839184,0.34770444664137845,5.185665236903139,LinearRegression,4,frisco,time,1919,11,5
0.15178463541666698,0.1890743595109588,3.2551417171280947,RandomForest,4,frisco,time,1919,11,5
0.2533546641309329,0.33850286707946764,5.268528854250588,LinearRegression,5,frisco,time,1919,11,6
0.14935572916666628,0.19085241409794615,3.2367087608628893,RandomForest,5,frisco,time,1919,11,6
0.2448861082998114,0.33826964286191114,4.943631601280948,LinearRegression,6,frisco,time,1919,11,7
0.15211788194444464,0.19268155293648093,3.243934813867549,RandomForest,6,frisco,time,1919,11,7
0.23660361043439002,0.3100844818283343,5.013028209757661,LinearRegression,7,frisco,time,1919,11,8
0.1498029513888888,0.1902795176674304,3.2662176864550454,RandomForest,7,frisco,time,1919,11,8
0.24947385558573998,0.3344836435558613,5.192907211016487,LinearRegression,8,frisco,time,1919,11,9
0.15291970486111112,0.19285813352254177,3.3269718891511264,RandomForest,8,frisco,time,1919,11,9
0.2434431282420096,0.32180731344542923,5.0436892352368705,LinearRegression,9,frisco,time,1919,11,10
0.14845859375000006,0.18821998592949313,3.196491691633993,RandomForest,9,frisco,time,1919,11,10
0.2484070187717004,0.3351027947920853,5.1076032869454515,LinearRegression,10,frisco,time,1919,11,11
0.15900199652777752,0.19839696393715064,3.45990408127793,RandomForest,10,frisco,time,1919,11,11
0.23159210726237475,0.3133162246207093,4.765748716676281,LinearRegression,11,frisco,time,1919,11,12
0.14865937500000007,0.18783899598182036,3.191627677028571,RandomForest,11,frisco,time,1919,11,12
0.24708601620285175,0.3330147183171709,5.104123562604972,LinearRegression,12,frisco,time,1919,11,13
0.14891996527777754,0.18713302683092228,3.2069854096872485,RandomForest,12,frisco,time,1919,11,13
0.24958663097747705,0.33624393689269244,5.104759386184062,LinearRegression,13,frisco,time,1919,11,14
0.15207621527777768,0.1957720697612688,3.284771828533,RandomForest,13,frisco,time,1919,11,14
0.238515267238382,0.3147950341536899,4.903137989717551,LinearRegression,14,frisco,time,1919,11,15
0.15086666666666654,0.18969271061853035,3.2507130167153173,RandomForest,14,frisco,time,1919,11,15
0.25314771192550567,0.3550379673566355,5.200291668501078,LinearRegression,15,frisco,time,1919,11,16
0.14721163194444456,0.18650595248543697,3.18510801844607,RandomForest,15,frisco,time,1919,11,16
0.24382282856406767,0.324063389919834,5.0048869985300755,LinearRegression,16,frisco,time,1919,11,17
0.14583663194444427,0.18484555306953776,3.1512536641866324,RandomForest,16,frisco,time,1919,11,17
0.2500473739260041,0.3303660812678445,5.193249714288683,LinearRegression,17,frisco,time,1919,11,18
0.1579629340277776,0.1998408915180848,3.428221487098592,RandomForest,17,frisco,time,1919,11,18
0.246990329638445,0.33295771230144205,5.067224223728471,LinearRegression,18,frisco,time,1919,11,19
0.15176197916666678,0.19318632411393089,3.2808204423373857,RandomForest,18,frisco,time,1919,11,19
0.24623440597708818,0.33219409576872344,5.031510532790239,LinearRegression,19,frisco,time,1919,11,20
0.15162855902777794,0.191341695576646,3.280552440696357,RandomForest,19,frisco,time,1919,11,20
0.24942616773496656,0.33529866141069903,5.051258548865353,LinearRegression,20,frisco,time,1919,11,21
0.14794722222222195,0.19205350559262546,3.133493672891342,RandomForest,20,frisco,time,1919,11,21
0.24520692931354787,0.3418619830442722,4.927961257799566,LinearRegression,21,frisco,time,1919,11,22
0.15056171875000002,0.1888390494845891,3.244725905526121,RandomForest,21,frisco,time,1919,11,22
0.2450226382954782,0.32662441881001536,5.150279895079878,LinearRegression,22,frisco,time,1919,11,23
0.1479534722222223,0.18722318770357715,3.2144293940087754,RandomForest,22,frisco,time,1919,11,23
0.258048601374811,0.344512991242049,5.429701337837608,LinearRegression,23,frisco,time,1919,11,24
0.14669887152777772,0.1853369914371258,3.182038281939427,RandomForest,23,frisco,time,1919,11,24
0.2633026900169122,0.35144148449270773,5.42532750685669,LinearRegression,24,frisco,time,1919,11,25
0.1537042534722225,0.1954342290771126,3.323351802305932,RandomForest,24,frisco,time,1919,11,25
0.2635922628881194,0.3615769012623602,5.319652791675422,LinearRegression,25,frisco,time,1919,11,26
0.16244557291666645,0.2017992603340115,3.500338388171563,RandomForest,25,frisco,time,1919,11,26
0.24543467420427106,0.32630272102692287,5.054814527803102,LinearRegression,26,frisco,time,1919,11,27
0.14152604166666657,0.17995633505392805,3.056966864058186,RandomForest,26,frisco,time,1919,11,27
0.24564436316435584,0.3268399386675284,5.131045463048831,LinearRegression,27,frisco,time,1919,11,28
0.14758767361111103,0.1877096222902471,3.255278819563608,RandomForest,27,frisco,time,1919,11,28
0.2468856958745928,0.3293142537358158,5.029496480809251,LinearRegression,28,frisco,time,1919,11,29
0.15373168402777784,0.1920387697424701,3.329068166688171,RandomForest,28,frisco,time,1919,11,29
0.2476031672633816,0.33335859411217045,5.085427001095955,LinearRegression,29,frisco,time,1919,11,30
0.1443043402777778,0.18332798763513264,3.1060978007230746,RandomForest,29,frisco,time,1919,11,30
0.33002849325354755,0.45491950231610334,16.964818696426022,LinearRegression,0,jelly,time,1919,11,1
0.04032751736111126,0.06240967879914553,2.182513020172313,RandomForest,0,jelly,time,1919,11,1
0.3185232713015167,0.4166555615178404,17.744304080522156,LinearRegression,1,jelly,time,1919,11,2
0.040518923611110993,0.06763270802240917,2.2541072805793156,RandomForest,1,jelly,time,1919,11,2
0.3226196572363831,0.4435096362861505,17.276711992202898,LinearRegression,2,jelly,time,1919,11,3
0.04421319444444445,0.07512919006386788,2.3607123824720735,RandomForest,2,jelly,time,1919,11,3
0.3210549928423653,0.44595651631966354,16.669106148182415,LinearRegression,3,jelly,time,1919,11,4
0.04505390625000007,0.08128856218978121,2.3304000995293213,RandomForest,3,jelly,time,1919,11,4
0.3295611394857033,0.4572376029135397,16.623838528990152,LinearRegression,4,jelly,time,1919,11,5
0.04588072916666689,0.07662833960458543,2.3422058052022794,RandomForest,4,jelly,time,1919,11,5
0.32961392793072647,0.4562066538119394,17.148360584633636,LinearRegression,5,jelly,time,1919,11,6
0.04526067708333359,0.07385640484972453,2.3943173867480945,RandomForest,5,jelly,time,1919,11,6
0.32589138278856217,0.4553439240305849,16.463407554514465,LinearRegression,6,jelly,time,1919,11,7
0.044960156250000084,0.08062545157603936,2.286338629912701,RandomForest,6,jelly,time,1919,11,7
0.3117027537405359,0.41857836914783436,17.29906102702527,LinearRegression,7,jelly,time,1919,11,8
0.040288541666666906,0.06328216552835686,2.2611822415156335,RandomForest,7,jelly,time,1919,11,8
0.32850875294741316,0.4353673011994557,17.78583247002571,LinearRegression,8,jelly,time,1919,11,9
0.04303628472222233,0.06631648086019468,2.3353815880647764,RandomForest,8,jelly,time,1919,11,9
0.3165215909433205,0.4285989223416264,16.949307540573372,LinearRegression,9,jelly,time,1919,11,10
0.04140373263888876,0.07688790623932998,2.2060231938775696,RandomForest,9,jelly,time,1919,11,10
0.3197888257951688,0.4315468369147555,17.00969818590689,LinearRegression,10,jelly,time,1919,11,11
0.04131475694444428,0.06477218289577207,2.261677406632766,RandomForest,10,jelly,time,1919,11,11
0.31551401818699876,0.4206485324957016,16.934479806760258,LinearRegression,11,jelly,time,1919,11,12
0.042316579861111175,0.06816234752896758,2.2933558682226693,RandomForest,11,jelly,time,1919,11,12
0.3225075943515615,0.4522351696523989,16.462988452355777,LinearRegression,12,jelly,time,1919,11,13
0.04071657986111123,0.06481182688094711,2.1744338715218374,RandomForest,12,jelly,time,1919,11,13
0.32785949025060107,0.4448430666497334,17.041268952282383,LinearRegression,13,jelly,time,1919,11,14
0.04383967013888933,0.07054562104367325,2.324179976457765,RandomForest,13,jelly,time,1919,11,14
0.3157673256208816,0.4103959816993808,17.33649215229088,LinearRegression,14,jelly,time,1919,11,15
0.04032065972222234,0.05953925824671867,2.2302416725378036,RandomForest,14,jelly,time,1919,11,15
0.3385017298487154,0.48427593156792215,17.10417477170834,LinearRegression,15,jelly,time,1919,11,16
0.04203003472222233,0.07325085519267582,2.176423808169269,RandomForest,15,jelly,time,1919,11,16
0.318695409774812,0.43287036626821546,16.77775689183917,LinearRegression,16,jelly,time,1919,11,17
0.043673784722222275,0.06745257175055608,2.3265761929399114,RandomForest,16,jelly,time,1919,11,17
0.31576668722388906,0.42898053410050974,16.911674125765007,LinearRegression,17,jelly,time,1919,11,18
0.04278993055555555,0.06882253780608104,2.323124640247821,RandomForest,17,jelly,time,1919,11,18
0.3251721930935547,0.4476544242075024,16.945841878370622,LinearRegression,18,jelly,time,1919,11,19
0.04199218749999997,0.06856898271540134,2.2553860089035886,RandomForest,18,jelly,time,1919,11,19
0.3260499338048523,0.4553802907535111,16.573057637765974,LinearRegression,19,jelly,time,1919,11,20
0.04733619791666669,0.0812395841347183,2.389613577558601,RandomForest,19,jelly,time,1919,11,20
0.3286421088987649,0.4603915341900911,16.625162233523184,LinearRegression,20,jelly,time,1919,11,21
0.04305086805555561,0.06928378600706099,2.2514554063245558,RandomForest,20,jelly,time,1919,11,21
0.3271027956453114,0.4596396734512789,16.52546211754576,LinearRegression,21,jelly,time,1919,11,22
0.048202083333333465,0.08382670124735866,2.4845982221740375,RandomForest,21,jelly,time,1919,11,22
0.32206425391214033,0.42582651660007914,17.74458196351182,LinearRegression,22,jelly,time,1919,11,23
0.043588194444444506,0.07526657526705051,2.2950771895361513,RandomForest,22,jelly,time,1919,11,23
0.3417354639428299,0.4632720686424736,18.46949227827276,LinearRegression,23,jelly,time,1919,11,24
0.04273793402777775,0.06377970934227234,2.3333014644683647,RandomForest,23,jelly,time,1919,11,24
0.3321580306833922,0.44822593309163183,17.558743961768027,LinearRegression,24,jelly,time,1919,11,25
0.04503454861111099,0.08073813847995452,2.3340319016683684,RandomForest,24,jelly,time,1919,11,25
0.33209773892414834,0.49335574081204775,15.751150625700483,LinearRegression,25,jelly,time,1919,11,26
0.045117795138888854,0.07994337451809412,2.290095435121207,RandomForest,25,jelly,time,1919,11,26
0.32641578812134314,0.45145997656709574,16.918391121862896,LinearRegression,26,jelly,time,1919,11,27
0.044664236111111255,0.07334426907097485,2.37219125910686,RandomForest,26,jelly,time,1919,11,27
0.31960704557059505,0.43048030209054,17.348943120664895,LinearRegression,27,jelly,time,1919,11,28
0.04029730902777806,0.06597910006180234,2.1855551343849435,RandomForest,27,jelly,time,1919,11,28
0.31854457234184896,0.43838339374894514,16.64293753448395,LinearRegression,28,jelly,time,1919,11,29
0.04491171875000023,0.07820151023002678,2.360340896153896,RandomForest,28,jelly,time,1919,11,29
0.3312329929869928,0.4517750541589076,17.27247501329261,LinearRegression,29,jelly,time,1919,11,30
0.04314817708333331,0.06598949486971185,2.328375198934276,RandomForest,29,jelly,time,1919,11,30
0.0957814020501118,0.13076440573325873,5.580580811800654,LinearRegression,0,strawberry,time,1919,11,1
0.038670659722222125,0.04887498294969844,2.422953095105101,RandomForest,0,strawberry,time,1919,11,1
0.08924521726962888,0.12304329706561186,5.349539636702002,LinearRegression,1,strawberry,time,1919,11,2
0.0384418402777777,0.048774165751877915,2.4586339917181235,RandomForest,1,strawberry,time,1919,11,2
0.09416918982070242,0.13095451884709305,5.516825806526252,LinearRegression,2,strawberry,time,1919,11,3
0.039314149305555615,0.04948307497722213,2.4459857445737163,RandomForest,2,strawberry,time,1919,11,3
0.0916665785124661,0.13130134677989175,5.316551234702166,LinearRegression,3,strawberry,time,1919,11,4
0.03789739583333329,0.04805729580985142,2.3522061965722245,RandomForest,3,strawberry,time,1919,11,4
0.09673659962060276,0.1367198275241763,5.518207745506336,LinearRegression,4,strawberry,time,1919,11,5
0.03824513888888887,0.04912043651054115,2.3435664928650293,RandomForest,4,strawberry,time,1919,11,5
0.0976821618565607,0.13588031885746493,5.698339000062812,LinearRegression,5,strawberry,time,1919,11,6
0.03670043402777788,0.04727127409997252,2.2804485642885366,RandomForest,5,strawberry,time,1919,11,6
0.09446364203673335,0.13399795281648055,5.393540436521852,LinearRegression,6,strawberry,time,1919,11,7
0.038019878472222005,0.049257984362309055,2.334133458945441,RandomForest,6,strawberry,time,1919,11,7
0.08834632007425475,0.12077596268202061,5.307591651545051,LinearRegression,7,strawberry,time,1919,11,8
0.03836024305555556,0.04842159550715303,2.4049623827177045,RandomForest,7,strawberry,time,1919,11,8
0.09425715011777461,0.12887163634357657,5.5242770679200675,LinearRegression,8,strawberry,time,1919,11,9
0.03814201388888892,0.048757166674072996,2.4039779807934614,RandomForest,8,strawberry,time,1919,11,9
0.09061507601629722,0.12540363259412068,5.296807780643976,LinearRegression,9,strawberry,time,1919,11,10
0.038580468749999874,0.04897050438252757,2.3858752262238516,RandomForest,9,strawberry,time,1919,11,10
0.09462782585013622,0.1314173262215535,5.487425007404992,LinearRegression,10,strawberry,time,1919,11,11
0.03802074652777779,0.0484598213353513,2.367949868241325,RandomForest,10,strawberry,time,1919,11,11
0.09163675551037083,0.12637916324418544,5.356066541470817,LinearRegression,11,strawberry,time,1919,11,12
0.037877604166666384,0.047374266155265944,2.351199911854731,RandomForest,11,strawberry,time,1919,11,12
0.09267302257465676,0.12911729403889383,5.375230422258646,LinearRegression,12,strawberry,time,1919,11,13
0.038366493055555534,0.04946920566400656,2.375204393889664,RandomForest,12,strawberry,time,1919,11,13
0.09614847258815648,0.1344404177767408,5.541530811939464,LinearRegression,13,strawberry,time,1919,11,14
0.03674010416666667,0.04680277064744956,2.2744493161159327,RandomForest,13,strawberry,time,1919,11,14
0.09024258734267188,0.12240221573040055,5.2917637694698945,LinearRegression,14,strawberry,time,1919,11,15
0.03702960069444422,0.04782524208388211,2.318271223199047,RandomForest,14,strawberry,time,1919,11,15
0.09460553399304786,0.13651400355027327,5.452979369683308,LinearRegression,15,strawberry,time,1919,11,16
0.03876032986111112,0.05002817127386269,2.3838838174223707,RandomForest,15,strawberry,time,1919,11,16
0.09242183832702956,0.1273185700760041,5.378723269758826,LinearRegression,16,strawberry,time,1919,11,17
0.03728741319444446,0.048353297556098594,2.32805283630458,RandomForest,16,strawberry,time,1919,11,17
0.09230305278462964,0.1276335560616593,5.4260738620050795,LinearRegression,17,strawberry,time,1919,11,18
0.03791866319444441,0.04788194434876318,2.382454415819915,RandomForest,17,strawberry,time,1919,11,18
0.09533090998882103,0.1323863348113195,5.545533111995745,LinearRegression,18,strawberry,time,1919,11,19
0.03786085069444438,0.04833402087334259,2.353140615688682,RandomForest,18,strawberry,time,1919,11,19
0.09651602362394683,0.1344055095703842,5.504334972815504,LinearRegression,19,strawberry,time,1919,11,20
0.039979253472222094,0.05114123116599356,2.459295869762813,RandomForest,19,strawberry,time,1919,11,20
0.09604168939967421,0.1351706832610713,5.462340208949972,LinearRegression,20,strawberry,time,1919,11,21
0.036538541666666605,0.046042562114218526,2.2248929129271167,RandomForest,20,strawberry,time,1919,11,21
0.09223286984644612,0.13227058065084563,5.232389154409711,LinearRegression,21,strawberry,time,1919,11,22
0.03889644097222219,0.049703154548263885,2.419124348974659,RandomForest,21,strawberry,time,1919,11,22
0.09173083605588467,0.12560192312406548,5.4557874844306005,LinearRegression,22,strawberry,time,1919,11,23
0.03689739583333323,0.047538237076852015,2.312273736397561,RandomForest,22,strawberry,time,1919,11,23
0.10105910996342099,0.13877759633088177,6.0080657638485375,LinearRegression,23,strawberry,time,1919,11,24
0.03656953124999997,0.04677538753810886,2.303501419004094,RandomForest,23,strawberry,time,1919,11,24
0.09456436515550103,0.1323864464665819,5.463183917255026,LinearRegression,24,strawberry,time,1919,11,25
0.03779279513888888,0.047706087692781896,2.330880834303321,RandomForest,24,strawberry,time,1919,11,25
0.09674701421315673,0.1419059674003783,5.388039375847444,LinearRegression,25,strawberry,time,1919,11,26
0.039486197916666535,0.05046942964798633,2.4284242210680644,RandomForest,25,strawberry,time,1919,11,26
0.09443165162708947,0.13012545992819252,5.461126692779621,LinearRegression,26,strawberry,time,1919,11,27
0.03695954861111128,0.047336594297881646,2.2882243609424386,RandomForest,26,strawberry,time,1919,11,27
0.09019377202997021,0.12644539242501132,5.3219775568316345,LinearRegression,27,strawberry,time,1919,11,28
0.03704062500000011,0.046373898234890853,2.347117366943098,RandomForest,27,strawberry,time,1919,11,28
0.09451212988654713,0.13105978295638734,5.463528980214554,LinearRegression,28,strawberry,time,1919,11,29
0.038391493055555476,0.0489884480076113,2.3894597814718717,RandomForest,28,strawberry,time,1919,11,29
0.09863078017143094,0.13638826634641155,5.705749079968863,LinearRegression,29,strawberry,time,1919,11,30
0.03978524305555548,0.050366392892345464,2.4676987474158474,RandomForest,29,strawberry,time,1919,11,30
0.014714645027173637,0.018847536590233523,3.436054715308131,LinearRegression,0,jpeg-small,time,6764,18,1
0.014428432046522452,0.018756309172025,3.3655850465656814,RandomForest,0,jpeg-small,time,6764,18,1
0.014498481132238391,0.018404313365195348,3.382398412774733,LinearRegression,1,jpeg-small,time,6764,18,2
0.014483553876801497,0.01866969006401127,3.3782573784172794,RandomForest,1,jpeg-small,time,6764,18,2
0.015212706450345708,0.019244706185762496,3.5485615796017953,LinearRegression,2,jpeg-small,time,6764,18,3
0.014442877611423537,0.018582460544025653,3.3687649425344635,RandomForest,2,jpeg-small,time,6764,18,3
0.014915813199242409,0.018869103990787645,3.4892088073350465,LinearRegression,3,jpeg-small,time,6764,18,4
0.014415692952449054,0.018664503867430363,3.373059006017351,RandomForest,3,jpeg-small,time,6764,18,4
0.014741472508500044,0.018819877632151708,3.4459638374249693,LinearRegression,4,jpeg-small,time,6764,18,5
0.014394784831371684,0.018577158232693645,3.362957048688929,RandomForest,4,jpeg-small,time,6764,18,5
0.014845711472112097,0.018946866965069722,3.4651006625036715,LinearRegression,5,jpeg-small,time,6764,18,6
0.014465740738370996,0.018839810764216595,3.3776458933457114,RandomForest,5,jpeg-small,time,6764,18,6
0.015062115847397702,0.019284671217966193,3.4987293765226095,LinearRegression,6,jpeg-small,time,6764,18,7
0.014645918009666269,0.01920501168923263,3.404401325579359,RandomForest,6,jpeg-small,time,6764,18,7
0.014863947947554565,0.01905607769043918,3.470696005316755,LinearRegression,7,jpeg-small,time,6764,18,8
0.014639117881297648,0.018870590380913616,3.419797083889195,RandomForest,7,jpeg-small,time,6764,18,8
0.014719706510292672,0.018945440598365733,3.4199421622880095,LinearRegression,8,jpeg-small,time,6764,18,9
0.014522818868723829,0.01870953046760487,3.3786973421819124,RandomForest,8,jpeg-small,time,6764,18,9
0.014674034742518023,0.018401316503877725,3.427008137692896,LinearRegression,9,jpeg-small,time,6764,18,10
0.014254757434026481,0.018261831605820653,3.322440996861569,RandomForest,9,jpeg-small,time,6764,18,10
0.0146913351622464,0.018440070515651875,3.4374852736378485,LinearRegression,10,jpeg-small,time,6764,18,11
0.014333640775120822,0.01852482381920984,3.3464119438149256,RandomForest,10,jpeg-small,time,6764,18,11
0.015455169216000661,0.019801875474927035,3.5926715054071847,LinearRegression,11,jpeg-small,time,6764,18,12
0.014763430116122463,0.01927393200218528,3.432562183391328,RandomForest,11,jpeg-small,time,6764,18,12
0.014928708427398631,0.019161568571383167,3.4764908748259953,LinearRegression,12,jpeg-small,time,6764,18,13
0.014725060693779558,0.018927124194989653,3.427967185834043,RandomForest,12,jpeg-small,time,6764,18,13
0.014844912282890208,0.01880992194189525,3.464416984229679,LinearRegression,13,jpeg-small,time,6764,18,14
0.014465725732480079,0.018545859794232223,3.3772936422320288,RandomForest,13,jpeg-small,time,6764,18,14
0.014844416257861799,0.018940578201321,3.4758131654612954,LinearRegression,14,jpeg-small,time,6764,18,15
0.014860144934078839,0.019259082649451805,3.4733151237062936,RandomForest,14,jpeg-small,time,6764,18,15
0.014827409180426422,0.01891704558199866,3.455971354018953,LinearRegression,15,jpeg-small,time,6764,18,16
0.014625478790473233,0.018937792715960303,3.4048566142040686,RandomForest,15,jpeg-small,time,6764,18,16
0.014901723385303961,0.019143457984175646,3.458104645602776,LinearRegression,16,jpeg-small,time,6764,18,17
0.014651534790306222,0.019055838135415917,3.405340024769569,RandomForest,16,jpeg-small,time,6764,18,17
0.015117615031712002,0.019244521934169295,3.522216874343832,LinearRegression,17,jpeg-small,time,6764,18,18
0.014980384923855382,0.019336686940687246,3.4963106030296953,RandomForest,17,jpeg-small,time,6764,18,18
0.015131239733894911,0.019035541481678867,3.54020630973205,LinearRegression,18,jpeg-small,time,6764,18,19
0.014431354399888201,0.01871335384781329,3.3696333374067327,RandomForest,18,jpeg-small,time,6764,18,19
0.014893694615079027,0.019060066505162742,3.4697526123544904,LinearRegression,19,jpeg-small,time,6764,18,20
0.014885184488748066,0.01940836516020208,3.4690854625250624,RandomForest,19,jpeg-small,time,6764,18,20
0.014705667241620186,0.01868738355556455,3.4413098545881766,LinearRegression,20,jpeg-small,time,6764,18,21
0.014338704653521848,0.018549498012356815,3.359040254829159,RandomForest,20,jpeg-small,time,6764,18,21
0.015462733560607516,0.01966171677065236,3.6077436179211406,LinearRegression,21,jpeg-small,time,6764,18,22
0.015010010780622413,0.01940437496705019,3.505131763969907,RandomForest,21,jpeg-small,time,6764,18,22
0.015093905439590124,0.019281356083417463,3.5194664583341204,LinearRegression,22,jpeg-small,time,6764,18,23
0.014561485010799574,0.018850124831965034,3.4003957822164024,RandomForest,22,jpeg-small,time,6764,18,23
0.01486953751625922,0.018721543310480735,3.464910420808716,LinearRegression,23,jpeg-small,time,6764,18,24
0.014678563610969617,0.018990982777504505,3.417884908541011,RandomForest,23,jpeg-small,time,6764,18,24
0.015082093630143874,0.01923113786249523,3.5140020493954816,LinearRegression,24,jpeg-small,time,6764,18,25
0.014607611196713223,0.01888277268308677,3.4088810247155403,RandomForest,24,jpeg-small,time,6764,18,25
0.014622076260058042,0.01862716000605214,3.412839593268263,LinearRegression,25,jpeg-small,time,6764,18,26
0.01421886419643209,0.018321366977111526,3.312523909266903,RandomForest,25,jpeg-small,time,6764,18,26
0.015179568386131466,0.019561349310699704,3.5202607778220907,LinearRegression,26,jpeg-small,time,6764,18,27
0.014760769216242961,0.019292250701000536,3.426998658552832,RandomForest,26,jpeg-small,time,6764,18,27
0.015149785159849317,0.01939130212001963,3.5275643768629807,LinearRegression,27,jpeg-small,time,6764,18,28
0.01451726004725495,0.01890129795416535,3.379424541575376,RandomForest,27,jpeg-small,time,6764,18,28
0.014732389196399855,0.018899530550611554,3.436594021141843,LinearRegression,28,jpeg-small,time,6764,18,29
0.014730716763708917,0.01914290146918775,3.4344662098807563,RandomForest,28,jpeg-small,time,6764,18,29
0.015430613564005019,0.019727699107913794,3.5840867058464845,LinearRegression,29,jpeg-small,time,6764,18,30
0.015022326568154375,0.019448419504685125,3.498190082536211,RandomForest,29,jpeg-small,time,6764,18,30
0.5384931909755979,0.8946600997417131,1.4408260268119601,LinearRegression,0,psd-large,time,6764,18,1
0.5933966446744839,1.0173249063379435,1.5974503805101723,RandomForest,0,psd-large,time,6764,18,1
0.5320238859455766,0.8652569355363912,1.4321280344740677,LinearRegression,1,psd-large,time,6764,18,2
0.5816289477801642,0.9848272256900558,1.5639170006561933,RandomForest,1,psd-large,time,6764,18,2
0.542549780005243,0.8799832932105502,1.4692480393327048,LinearRegression,2,psd-large,time,6764,18,3
0.5674328472502196,0.9728790767986232,1.5445179643996858,RandomForest,2,psd-large,time,6764,18,3
0.5251427590597479,0.8386734638733311,1.4210752927093597,LinearRegression,3,psd-large,time,6764,18,4
0.5758596349940088,0.9812828447639375,1.5444409768082887,RandomForest,3,psd-large,time,6764,18,4
0.5397906477726926,0.9045101523109444,1.439920107091035,LinearRegression,4,psd-large,time,6764,18,5
0.6010165118893327,1.0362554245861226,1.5856877678056467,RandomForest,4,psd-large,time,6764,18,5
0.5270000186311992,0.8499186440116738,1.4246926760725152,LinearRegression,5,psd-large,time,6764,18,6
0.5677822907726455,0.9559440546921629,1.5366606022811025,RandomForest,5,psd-large,time,6764,18,6
0.5507308225120421,0.8960093998578245,1.4762915207510978,LinearRegression,6,psd-large,time,6764,18,7
0.5980828977553965,1.019456832181231,1.5916516394653124,RandomForest,6,psd-large,time,6764,18,7
0.5487770817967293,0.9195592086306482,1.4519771395031817,LinearRegression,7,psd-large,time,6764,18,8
0.60087395711708,1.0353167847329776,1.604278187105098,RandomForest,7,psd-large,time,6764,18,8
0.5317677407617946,0.8636318125072419,1.417886619892904,LinearRegression,8,psd-large,time,6764,18,9
0.5888697573347073,1.0055598138682447,1.5759481344943058,RandomForest,8,psd-large,time,6764,18,9
0.5337924600964195,0.8659505867495632,1.4250147372664057,LinearRegression,9,psd-large,time,6764,18,10
0.5827097188099315,0.9939634690127785,1.5621910186008392,RandomForest,9,psd-large,time,6764,18,10
0.5462474294440808,0.9056581941438365,1.4415859462064144,LinearRegression,10,psd-large,time,6764,18,11
0.6005644906723377,1.0219168670498309,1.5877525412196754,RandomForest,10,psd-large,time,6764,18,11
0.5329696987765196,0.8562554940860009,1.4273784856095542,LinearRegression,11,psd-large,time,6764,18,12
0.5833922188848212,0.9816839011177971,1.5631831624817505,RandomForest,11,psd-large,time,6764,18,12
0.5450942195174466,0.8809001098582899,1.4452033240149933,LinearRegression,12,psd-large,time,6764,18,13
0.6154384622612867,1.0247380002066775,1.6256822712041215,RandomForest,12,psd-large,time,6764,18,13
0.5408713870836785,0.8930042144325592,1.4437074192342862,LinearRegression,13,psd-large,time,6764,18,14
0.5875986991224247,1.0101145604212896,1.5552421781853036,RandomForest,13,psd-large,time,6764,18,14
0.5431693653320089,0.894027160933856,1.444271027555326,LinearRegression,14,psd-large,time,6764,18,15
0.6005948124425852,1.0203985293385982,1.5791500424543174,RandomForest,14,psd-large,time,6764,18,15
0.5510161750174907,0.9017316552056837,1.4330154766619014,LinearRegression,15,psd-large,time,6764,18,16
0.5953202580531743,1.0154012202043,1.5477583466391784,RandomForest,15,psd-large,time,6764,18,16
0.526464115527928,0.8469711290552119,1.4335114807522804,LinearRegression,16,psd-large,time,6764,18,17
0.5775086927614234,0.9783898949715957,1.562764841253372,RandomForest,16,psd-large,time,6764,18,17
0.5425380340284417,0.8850420156799442,1.413379468411351,LinearRegression,17,psd-large,time,6764,18,18
0.5980074167632333,1.0181756451860258,1.5654109047296911,RandomForest,17,psd-large,time,6764,18,18
0.5226022442360593,0.8408671908018122,1.3954050918375231,LinearRegression,18,psd-large,time,6764,18,19
0.558841921368817,0.9457355345612247,1.5042687354895992,RandomForest,18,psd-large,time,6764,18,19
0.5468873546839859,0.9141762041934108,1.4595210539363614,LinearRegression,19,psd-large,time,6764,18,20
0.597591460395067,1.0175983346720319,1.5946658358453036,RandomForest,19,psd-large,time,6764,18,20
0.5394614949812875,0.8892191194165185,1.441069528536494,LinearRegression,20,psd-large,time,6764,18,21
0.6013308281963266,1.023782404383485,1.6077610804658744,RandomForest,20,psd-large,time,6764,18,21
0.5300171666645553,0.8607899486532354,1.4080208044968743,LinearRegression,21,psd-large,time,6764,18,22
0.5991750870410975,1.0116957125335224,1.5754652219386915,RandomForest,21,psd-large,time,6764,18,22
0.5285165381622992,0.8511877715148471,1.4087519412571496,LinearRegression,22,psd-large,time,6764,18,23
0.603277958347576,0.9998703359369494,1.603506152521698,RandomForest,22,psd-large,time,6764,18,23
0.5360891383933523,0.8784492912126205,1.427727568560715,LinearRegression,23,psd-large,time,6764,18,24
0.6023391590011717,1.018812445819627,1.5928567590814897,RandomForest,23,psd-large,time,6764,18,24
0.5414368748694928,0.8819246410880324,1.4397225631123793,LinearRegression,24,psd-large,time,6764,18,25
0.5845842351022137,0.9893497490178722,1.5673110493937399,RandomForest,24,psd-large,time,6764,18,25
0.5357727612097771,0.8680686576499371,1.4121531086029622,LinearRegression,25,psd-large,time,6764,18,26
0.558299851931792,0.9856415371798258,1.480007644229079,RandomForest,25,psd-large,time,6764,18,26
0.5389044581206721,0.8810772332162922,1.4303171151751848,LinearRegression,26,psd-large,time,6764,18,27
0.5680110200980961,0.9785817099073243,1.5107448687456515,RandomForest,26,psd-large,time,6764,18,27
0.5455182748014947,0.8773288670834086,1.4539869136170942,LinearRegression,27,psd-large,time,6764,18,28
0.5936477047988709,0.9946121414693937,1.5962994403244748,RandomForest,27,psd-large,time,6764,18,28
0.525581176807378,0.8387868695000443,1.4257687682179805,LinearRegression,28,psd-large,time,6764,18,29
0.5609277509442983,0.9643488555888574,1.5151241896893537,RandomForest,28,psd-large,time,6764,18,29
0.5247762360383664,0.8568757844305426,1.4187802116904573,LinearRegression,29,psd-large,time,6764,18,30
0.56947465032901,0.9825298497682541,1.5344489424099008,RandomForest,29,psd-large,time,6764,18,30
2325.6400931026956,2616.387503918148,7.387133884403224,LinearRegression,0,voter-16,throughput,1954,16,1
541.2259865818224,734.3163289721576,1.6898814553356714,RandomForest,0,voter-16,throughput,1954,16,1
2405.0977040456173,2678.352847917862,7.5827194087613625,LinearRegression,1,voter-16,throughput,1954,16,2
561.7522085466969,739.1706435613609,1.7564768378490092,RandomForest,1,voter-16,throughput,1954,16,2
2422.3010723683683,2684.700670003268,7.634623049956782,LinearRegression,2,voter-16,throughput,1954,16,3
548.5658415490828,724.689784273879,1.7025993517656046,RandomForest,2,voter-16,throughput,1954,16,3
2389.2263411993695,2648.956367743451,7.405705981374531,LinearRegression,3,voter-16,throughput,1954,16,4
567.3126704048804,801.882363621581,1.73167037844894,RandomForest,3,voter-16,throughput,1954,16,4
2398.41029411258,2653.1134772429223,7.467457438414414,LinearRegression,4,voter-16,throughput,1954,16,5
583.4980173298765,765.1854102413765,1.7672954202337006,RandomForest,4,voter-16,throughput,1954,16,5
2411.7897152905225,2665.205612766006,7.508011141162192,LinearRegression,5,voter-16,throughput,1954,16,6
587.0196159727953,799.5510306074142,1.7995037718434876,RandomForest,5,voter-16,throughput,1954,16,6
2394.8004354390155,2669.569710279459,7.60810713256215,LinearRegression,6,voter-16,throughput,1954,16,7
545.7829036159047,714.8465477155875,1.717778729430883,RandomForest,6,voter-16,throughput,1954,16,7
2343.987740107379,2595.1054929648767,7.445615817553571,LinearRegression,7,voter-16,throughput,1954,16,8
557.4856468947605,751.4989776521165,1.7159442893891115,RandomForest,7,voter-16,throughput,1954,16,8
2388.835881392335,2640.8303484440016,7.501150444993376,LinearRegression,8,voter-16,throughput,1954,16,9
555.9906803384007,735.7129943442571,1.7073319498108024,RandomForest,8,voter-16,throughput,1954,16,9
2438.3450440424394,2679.526788051845,7.553612752655988,LinearRegression,9,voter-16,throughput,1954,16,10
582.8782538552088,756.6384795479046,1.7781199500361193,RandomForest,9,voter-16,throughput,1954,16,10
2368.0794219142185,2610.6572506705447,7.376588150519972,LinearRegression,10,voter-16,throughput,1954,16,11
555.9888058907014,730.8754633180665,1.7105679816492685,RandomForest,10,voter-16,throughput,1954,16,11
2445.964257110036,2708.57551102493,7.788451117997044,LinearRegression,11,voter-16,throughput,1954,16,12
551.4017359077469,759.0576478054763,1.7181489807962542,RandomForest,11,voter-16,throughput,1954,16,12
2321.131332520779,2598.4900143854215,7.39407799728885,LinearRegression,12,voter-16,throughput,1954,16,13
524.8466261563009,693.6019020440684,1.6644848279439324,RandomForest,12,voter-16,throughput,1954,16,13
2384.8059440763213,2666.276942598865,7.535184671851354,LinearRegression,13,voter-16,throughput,1954,16,14
514.0958518448621,673.2601815924647,1.6055608622250344,RandomForest,13,voter-16,throughput,1954,16,14
2368.225492468908,2620.001071104622,7.562929697825874,LinearRegression,14,voter-16,throughput,1954,16,15
545.8077917263801,733.4079105868606,1.7064232512894832,RandomForest,14,voter-16,throughput,1954,16,15
2346.128899737533,2604.6027149213146,7.591072874381825,LinearRegression,15,voter-16,throughput,1954,16,16
548.8664917754706,768.1702592184398,1.7078477939728336,RandomForest,15,voter-16,throughput,1954,16,16
2382.285086257102,2639.779759261322,7.545003043866629,LinearRegression,16,voter-16,throughput,1954,16,17
582.9833239148513,793.8050887886023,1.795351447342125,RandomForest,16,voter-16,throughput,1954,16,17
2340.4676168723545,2589.233420583313,7.349454486564714,LinearRegression,17,voter-16,throughput,1954,16,18
580.4574305592254,777.3795941892391,1.7723365125901935,RandomForest,17,voter-16,throughput,1954,16,18
2416.681206915455,2688.992953580473,7.608153975262236,LinearRegression,18,voter-16,throughput,1954,16,19
538.671785702395,718.9485676173827,1.6621608628895754,RandomForest,18,voter-16,throughput,1954,16,19
2370.88804991206,2611.7087112745935,7.467571960036051,LinearRegression,19,voter-16,throughput,1954,16,20
544.4307177760579,745.9233192081235,1.6784470172804327,RandomForest,19,voter-16,throughput,1954,16,20
2450.740842154612,2730.902115165517,7.658692112934993,LinearRegression,20,voter-16,throughput,1954,16,21
564.3742440521612,771.9697972366405,1.7310086629918948,RandomForest,20,voter-16,throughput,1954,16,21
2381.7673845814375,2644.1415586396274,7.650274045971322,LinearRegression,21,voter-16,throughput,1954,16,22
564.7662733942867,785.4393146739761,1.7776423727042394,RandomForest,21,voter-16,throughput,1954,16,22
2338.1922742876677,2604.6068492068816,7.296244726786924,LinearRegression,22,voter-16,throughput,1954,16,23
562.5909475815109,760.2988354370207,1.7461440526938679,RandomForest,22,voter-16,throughput,1954,16,23
2426.605997055003,2679.42308305117,7.546756420259881,LinearRegression,23,voter-16,throughput,1954,16,24
545.56250775659,715.456029527945,1.6718606051181684,RandomForest,23,voter-16,throughput,1954,16,24
2405.0658439133053,2664.183962780878,7.619640655941858,LinearRegression,24,voter-16,throughput,1954,16,25
574.1559759548718,799.1791656060484,1.7633624509814982,RandomForest,24,voter-16,throughput,1954,16,25
2399.1446723349804,2664.020222510135,7.524075999002605,LinearRegression,25,voter-16,throughput,1954,16,26
590.5276890276365,787.7900349257213,1.799443005326944,RandomForest,25,voter-16,throughput,1954,16,26
2381.2652556184944,2634.5523192735777,7.473965963989299,LinearRegression,26,voter-16,throughput,1954,16,27
541.9041047001269,723.4807864098253,1.6729728848781062,RandomForest,26,voter-16,throughput,1954,16,27
2432.7919883555933,2746.341419331577,7.635760914343952,LinearRegression,27,voter-16,throughput,1954,16,28
597.8023629166404,820.6461201630351,1.819299412662421,RandomForest,27,voter-16,throughput,1954,16,28
2408.8623847666704,2668.795946843347,7.772222088202913,LinearRegression,28,voter-16,throughput,1954,16,29
600.4779821002566,818.0695445730532,1.858559973279524,RandomForest,28,voter-16,throughput,1954,16,29
2313.679497484857,2567.007171146476,7.439861649441763,LinearRegression,29,voter-16,throughput,1954,16,30
547.4111121265131,736.6246645732743,1.7174478895793384,RandomForest,29,voter-16,throughput,1954,16,30
1280.085449602333,1549.6557059169606,9.234089491710918,LinearRegression,0,ycsb-2400,throughput,1954,16,1
563.5217847261721,708.804709095629,4.049076834242918,RandomForest,0,ycsb-2400,throughput,1954,16,1
1273.2974938253874,1541.3028042376727,9.22773709222056,LinearRegression,1,ycsb-2400,throughput,1954,16,2
572.6964686636751,733.1852901606641,4.095734939541925,RandomForest,1,ycsb-2400,throughput,1954,16,2
1258.839285054549,1563.4133326188162,8.936322835767966,LinearRegression,2,ycsb-2400,throughput,1954,16,3
589.7360910117835,756.1294047790265,4.17232070994527,RandomForest,2,ycsb-2400,throughput,1954,16,3
1273.8249520922343,1611.2984608840363,8.845125759979915,LinearRegression,3,ycsb-2400,throughput,1954,16,4
560.0384728460568,721.3738877578703,3.938302358001506,RandomForest,3,ycsb-2400,throughput,1954,16,4
1324.23150383162,1671.5817048596905,9.117662600392562,LinearRegression,4,ycsb-2400,throughput,1954,16,5
584.9959130393523,740.9019868302573,4.110953312125373,RandomForest,4,ycsb-2400,throughput,1954,16,5
1286.2365012600746,1577.0753470492782,9.161991219954784,LinearRegression,5,ycsb-2400,throughput,1954,16,6
595.2723320560021,755.2591573363796,4.234988388398513,RandomForest,5,ycsb-2400,throughput,1954,16,6
1301.0336742371785,1569.9176741851493,9.403312359861355,LinearRegression,6,ycsb-2400,throughput,1954,16,7
577.0034630037973,733.8585236086135,4.156646826725609,RandomForest,6,ycsb-2400,throughput,1954,16,7
1269.1463030283387,1555.3850745773268,9.19356126661577,LinearRegression,7,ycsb-2400,throughput,1954,16,8
580.8381136396019,749.774767347773,4.185429574876723,RandomForest,7,ycsb-2400,throughput,1954,16,8
1228.2818210907958,1532.5188090756192,8.673658070871703,LinearRegression,8,ycsb-2400,throughput,1954,16,9
562.4034569460624,708.1324082160802,4.040031999922569,RandomForest,8,ycsb-2400,throughput,1954,16,9
1294.1496500875653,1605.0555753098963,8.985676662851333,LinearRegression,9,ycsb-2400,throughput,1954,16,10
582.6074213105475,729.4782700334873,4.087788038375233,RandomForest,9,ycsb-2400,throughput,1954,16,10
1276.9382026916535,1598.3155017476802,8.981918834938606,LinearRegression,10,ycsb-2400,throughput,1954,16,11
577.9227055335332,732.2441894397133,4.098761177056924,RandomForest,10,ycsb-2400,throughput,1954,16,11
1274.930777642911,1562.919259438662,9.136291581052557,LinearRegression,11,ycsb-2400,throughput,1954,16,12
546.321643849832,688.9629021428453,3.9071745409818575,RandomForest,11,ycsb-2400,throughput,1954,16,12
1247.934978956812,1504.449025454003,8.96520900028135,LinearRegression,12,ycsb-2400,throughput,1954,16,13
567.4876576494579,721.5629682793925,4.079184916255895,RandomForest,12,ycsb-2400,throughput,1954,16,13
1237.964444018754,1511.564157306203,8.949726448873704,LinearRegression,13,ycsb-2400,throughput,1954,16,14
572.7918212518483,731.5570855084216,4.09581458531829,RandomForest,13,ycsb-2400,throughput,1954,16,14
1275.424708298902,1576.9215049375894,9.02120464253519,LinearRegression,14,ycsb-2400,throughput,1954,16,15
578.5711150711577,722.406664851812,4.177498805260198,RandomForest,14,ycsb-2400,throughput,1954,16,15
1210.5734022293113,1473.6945671230214,8.847428965170067,LinearRegression,15,ycsb-2400,throughput,1954,16,16
570.5465887851644,714.945183101214,4.125053351325807,RandomForest,15,ycsb-2400,throughput,1954,16,16
1233.030006805041,1556.5961991556874,8.644737785301471,LinearRegression,16,ycsb-2400,throughput,1954,16,17
550.4632565988782,702.7626262789536,3.901220899708955,RandomForest,16,ycsb-2400,throughput,1954,16,17
1230.532231148992,1516.3450774036955,8.739582218646804,LinearRegression,17,ycsb-2400,throughput,1954,16,18
587.05561779279,747.9017959673542,4.179007051297432,RandomForest,17,ycsb-2400,throughput,1954,16,18
1246.4259685280238,1547.1910794564005,8.898044796415752,LinearRegression,18,ycsb-2400,throughput,1954,16,19
547.7490880892681,678.9145449348615,3.9659692272889027,RandomForest,18,ycsb-2400,throughput,1954,16,19
1255.8035980643554,1537.753514115729,8.948784522199789,LinearRegression,19,ycsb-2400,throughput,1954,16,20
571.0834006789312,732.9925166404764,4.083525077343949,RandomForest,19,ycsb-2400,throughput,1954,16,20
1322.1361906440068,1638.5377031780122,9.303809267529816,LinearRegression,20,ycsb-2400,throughput,1954,16,21
578.5266983577928,736.3917822730695,4.119216324737232,RandomForest,20,ycsb-2400,throughput,1954,16,21
1260.465547227958,1567.397777895094,8.905518407465953,LinearRegression,21,ycsb-2400,throughput,1954,16,22
566.7755871884747,726.677225626673,4.040253501019608,RandomForest,21,ycsb-2400,throughput,1954,16,22
1288.6379645580919,1594.5641996600286,9.16620845710014,LinearRegression,22,ycsb-2400,throughput,1954,16,23
569.7185272623426,715.082053406486,4.09136383018706,RandomForest,22,ycsb-2400,throughput,1954,16,23
1259.4442718158423,1534.9284170624298,8.971431902214523,LinearRegression,23,ycsb-2400,throughput,1954,16,24
572.4923768875245,726.7909685161057,4.084869665834436,RandomForest,23,ycsb-2400,throughput,1954,16,24
1278.6754216335487,1571.9218562137346,9.081005744019249,LinearRegression,24,ycsb-2400,throughput,1954,16,25
560.5302438929206,716.8387590654031,3.992456752569801,RandomForest,24,ycsb-2400,throughput,1954,16,25
1298.799735721146,1599.3464776531118,9.27459989724057,LinearRegression,25,ycsb-2400,throughput,1954,16,26
569.3019138751165,719.0485930523379,4.08432461815355,RandomForest,25,ycsb-2400,throughput,1954,16,26
1288.489848775209,1575.2756029465816,9.082824438624659,LinearRegression,26,ycsb-2400,throughput,1954,16,27
557.5726618204818,704.6351506142033,3.9699573733752853,RandomForest,26,ycsb-2400,throughput,1954,16,27
1313.353547536822,1606.2847353723243,9.267488923557275,LinearRegression,27,ycsb-2400,throughput,1954,16,28
580.5323295856665,725.7544691847282,4.128529945516727,RandomForest,27,ycsb-2400,throughput,1954,16,28
1280.8153079781016,1590.7983948063115,9.02869127614235,LinearRegression,28,ycsb-2400,throughput,1954,16,29
561.9260941773144,721.6089246449574,3.968902106848838,RandomForest,28,ycsb-2400,throughput,1954,16,29
1254.0679017769398,1501.2539398086365,8.93199740545453,LinearRegression,29,ycsb-2400,throughput,1954,16,30
562.2469780684631,695.1189504586616,4.07562913292102,RandomForest,29,ycsb-2400,throughput,1954,16,30
9.043263709130485,11.609237533786871,79.83716758309926,LinearRegression,0,Netflix_Crosswalk_4096x2160_60fps_10bit_420_short.y4m,time,3113,25,1
3.4161486862062804,7.7720738018481015,12.25154373913243,RandomForest,0,Netflix_Crosswalk_4096x2160_60fps_10bit_420_short.y4m,time,3113,25,1
8.710889233609311,11.365602770707923,71.53050984653527,LinearRegression,1,Netflix_Crosswalk_4096x2160_60fps_10bit_420_short.y4m,time,3113,25,2
3.356076284796573,7.653381293440597,12.675345604453883,RandomForest,1,Netflix_Crosswalk_4096x2160_60fps_10bit_420_short.y4m,time,3113,25,2
8.956338897116067,11.703911395690938,74.06020361587741,LinearRegression,2,Netflix_Crosswalk_4096x2160_60fps_10bit_420_short.y4m,time,3113,25,3
3.4949431452661432,7.3980923420829265,12.723215888643132,RandomForest,2,Netflix_Crosswalk_4096x2160_60fps_10bit_420_short.y4m,time,3113,25,3
8.725316771707158,11.301346053926551,77.84846728103858,LinearRegression,3,Netflix_Crosswalk_4096x2160_60fps_10bit_420_short.y4m,time,3113,25,4
3.4022389175673853,7.973097049877343,12.05250143104678,RandomForest,3,Netflix_Crosswalk_4096x2160_60fps_10bit_420_short.y4m,time,3113,25,4
8.36406472694794,10.653998840910425,75.43765356243937,LinearRegression,4,Netflix_Crosswalk_4096x2160_60fps_10bit_420_short.y4m,time,3113,25,5
2.9716359757911013,7.023200963739767,11.201101143972892,RandomForest,4,Netflix_Crosswalk_4096x2160_60fps_10bit_420_short.y4m,time,3113,25,5
8.843807185870585,11.307603696263925,82.46879015148056,LinearRegression,5,Netflix_Crosswalk_4096x2160_60fps_10bit_420_short.y4m,time,3113,25,6
3.176997154009891,7.276348763370811,11.790029858571135,RandomForest,5,Netflix_Crosswalk_4096x2160_60fps_10bit_420_short.y4m,time,3113,25,6
8.715734468494855,11.306662493719317,68.90087039471572,LinearRegression,6,Netflix_Crosswalk_4096x2160_60fps_10bit_420_short.y4m,time,3113,25,7
3.086000475744366,7.24447283697791,11.289700675934155,RandomForest,6,Netflix_Crosswalk_4096x2160_60fps_10bit_420_short.y4m,time,3113,25,7
8.578383827968157,10.948998677731971,84.86604068562167,LinearRegression,7,Netflix_Crosswalk_4096x2160_60fps_10bit_420_short.y4m,time,3113,25,8
3.2218823217472217,7.472411672621452,12.485882836337336,RandomForest,7,Netflix_Crosswalk_4096x2160_60fps_10bit_420_short.y4m,time,3113,25,8
8.636668234666644,11.157647386344516,84.9707590280774,LinearRegression,8,Netflix_Crosswalk_4096x2160_60fps_10bit_420_short.y4m,time,3113,25,9
2.782383945013768,6.339645074045283,11.075071114048152,RandomForest,8,Netflix_Crosswalk_4096x2160_60fps_10bit_420_short.y4m,time,3113,25,9
8.777965176519961,11.700295022247298,78.24481764297569,LinearRegression,9,Netflix_Crosswalk_4096x2160_60fps_10bit_420_short.y4m,time,3113,25,10
3.211439887644031,7.395172415009762,11.893595711475252,RandomForest,9,Netflix_Crosswalk_4096x2160_60fps_10bit_420_short.y4m,time,3113,25,10
8.434723214552351,10.804051278569336,79.57460067284777,LinearRegression,10,Netflix_Crosswalk_4096x2160_60fps_10bit_420_short.y4m,time,3113,25,11
2.9513505961303155,7.12220939890418,11.640702800842787,RandomForest,10,Netflix_Crosswalk_4096x2160_60fps_10bit_420_short.y4m,time,3113,25,11
8.718525804734881,11.22862002530543,79.72795953231126,LinearRegression,11,Netflix_Crosswalk_4096x2160_60fps_10bit_420_short.y4m,time,3113,25,12
3.1923873677815187,7.465144722892728,11.977004912848061,RandomForest,11,Netflix_Crosswalk_4096x2160_60fps_10bit_420_short.y4m,time,3113,25,12
8.451488043914106,10.981444520463995,71.72163241159906,LinearRegression,12,Netflix_Crosswalk_4096x2160_60fps_10bit_420_short.y4m,time,3113,25,13
3.2478477326144586,7.542401042192746,11.832511994445696,RandomForest,12,Netflix_Crosswalk_4096x2160_60fps_10bit_420_short.y4m,time,3113,25,13
8.516133142308897,10.970157060137682,72.00982789402846,LinearRegression,13,Netflix_Crosswalk_4096x2160_60fps_10bit_420_short.y4m,time,3113,25,14
3.2914851333231367,7.402292275799471,12.412253930488014,RandomForest,13,Netflix_Crosswalk_4096x2160_60fps_10bit_420_short.y4m,time,3113,25,14
8.746123805669864,11.26187700369067,77.17711805265849,LinearRegression,14,Netflix_Crosswalk_4096x2160_60fps_10bit_420_short.y4m,time,3113,25,15
3.1343219617365157,7.374478202505287,11.177774617923685,RandomForest,14,Netflix_Crosswalk_4096x2160_60fps_10bit_420_short.y4m,time,3113,25,15
8.609927023485826,11.288083817039643,71.51879277453187,LinearRegression,15,Netflix_Crosswalk_4096x2160_60fps_10bit_420_short.y4m,time,3113,25,16
2.9577483826815842,6.942383458821613,11.816235002725826,RandomForest,15,Netflix_Crosswalk_4096x2160_60fps_10bit_420_short.y4m,time,3113,25,16
8.706726891107035,11.328163834296479,73.799843941499,LinearRegression,16,Netflix_Crosswalk_4096x2160_60fps_10bit_420_short.y4m,time,3113,25,17
3.4137589337972876,7.747718060079393,11.767150674076479,RandomForest,16,Netflix_Crosswalk_4096x2160_60fps_10bit_420_short.y4m,time,3113,25,17
8.799468534427215,11.357818048611783,87.16675084359636,LinearRegression,17,Netflix_Crosswalk_4096x2160_60fps_10bit_420_short.y4m,time,3113,25,18
3.499169225340743,8.034601755729716,12.218178634651835,RandomForest,17,Netflix_Crosswalk_4096x2160_60fps_10bit_420_short.y4m,time,3113,25,18
8.758800459626379,11.201941660832901,82.67535024867885,LinearRegression,18,Netflix_Crosswalk_4096x2160_60fps_10bit_420_short.y4m,time,3113,25,19
3.297769897373474,7.37456777514257,12.431975723577642,RandomForest,18,Netflix_Crosswalk_4096x2160_60fps_10bit_420_short.y4m,time,3113,25,19
8.841015254157481,11.363570007164908,82.95098572188134,LinearRegression,19,Netflix_Crosswalk_4096x2160_60fps_10bit_420_short.y4m,time,3113,25,20
3.283965602630773,7.375109385974551,12.063781234233304,RandomForest,19,Netflix_Crosswalk_4096x2160_60fps_10bit_420_short.y4m,time,3113,25,20
8.991731100068195,11.535800001815776,79.29402073630291,LinearRegression,20,Netflix_Crosswalk_4096x2160_60fps_10bit_420_short.y4m,time,3113,25,21
3.469548397573164,7.788589060715383,12.190213466100364,RandomForest,20,Netflix_Crosswalk_4096x2160_60fps_10bit_420_short.y4m,time,3113,25,21
8.784830654889124,11.572424399398084,69.34546411088931,LinearRegression,21,Netflix_Crosswalk_4096x2160_60fps_10bit_420_short.y4m,time,3113,25,22
3.4016344186975305,7.6684477661636645,11.761398698272446,RandomForest,21,Netflix_Crosswalk_4096x2160_60fps_10bit_420_short.y4m,time,3113,25,22
8.617662710454267,11.512010047994488,75.39130695514244,LinearRegression,22,Netflix_Crosswalk_4096x2160_60fps_10bit_420_short.y4m,time,3113,25,23
3.0311361433160005,6.4930643171080495,12.00228789587633,RandomForest,22,Netflix_Crosswalk_4096x2160_60fps_10bit_420_short.y4m,time,3113,25,23
8.816330292338353,11.727760112651382,74.9441622508818,LinearRegression,23,Netflix_Crosswalk_4096x2160_60fps_10bit_420_short.y4m,time,3113,25,24
3.2749118878522188,7.29379820596612,11.35062794225222,RandomForest,23,Netflix_Crosswalk_4096x2160_60fps_10bit_420_short.y4m,time,3113,25,24
8.777490686725251,11.437048438329713,76.41637558691903,LinearRegression,24,Netflix_Crosswalk_4096x2160_60fps_10bit_420_short.y4m,time,3113,25,25
3.4495864566763563,7.69709819808588,12.803148227858333,RandomForest,24,Netflix_Crosswalk_4096x2160_60fps_10bit_420_short.y4m,time,3113,25,25
8.503313887716297,10.971575516335736,81.70444065460623,LinearRegression,25,Netflix_Crosswalk_4096x2160_60fps_10bit_420_short.y4m,time,3113,25,26
3.1589365610660782,7.497937493564118,11.494747527348114,RandomForest,25,Netflix_Crosswalk_4096x2160_60fps_10bit_420_short.y4m,time,3113,25,26
8.665925224488241,11.183579304891994,80.78230984671137,LinearRegression,26,Netflix_Crosswalk_4096x2160_60fps_10bit_420_short.y4m,time,3113,25,27
3.028178993830937,7.133030829422717,11.428772355234607,RandomForest,26,Netflix_Crosswalk_4096x2160_60fps_10bit_420_short.y4m,time,3113,25,27
8.983402507697168,11.57658895064416,74.77329632074645,LinearRegression,27,Netflix_Crosswalk_4096x2160_60fps_10bit_420_short.y4m,time,3113,25,28
3.7035439822320777,8.047251872621347,12.618917328368932,RandomForest,27,Netflix_Crosswalk_4096x2160_60fps_10bit_420_short.y4m,time,3113,25,28
8.422260392159307,10.962391807735562,73.17001605405392,LinearRegression,28,Netflix_Crosswalk_4096x2160_60fps_10bit_420_short.y4m,time,3113,25,29
3.25346959435862,7.348319722371778,11.741216917630913,RandomForest,28,Netflix_Crosswalk_4096x2160_60fps_10bit_420_short.y4m,time,3113,25,29
8.518642718465683,10.839248484332181,73.88870698595814,LinearRegression,29,Netflix_Crosswalk_4096x2160_60fps_10bit_420_short.y4m,time,3113,25,30
3.1615696500586337,7.583348128222016,11.914876419688417,RandomForest,29,Netflix_Crosswalk_4096x2160_60fps_10bit_420_short.y4m,time,3113,25,30
3.6858759952804534,4.762979027436738,72.42535405087743,LinearRegression,0,pedestrian_area_1080p25_short.y4m,time,3113,25,1
1.4175271970913643,3.209094909849708,12.240617785712052,RandomForest,0,pedestrian_area_1080p25_short.y4m,time,3113,25,1
3.57675615618146,4.642026197216634,65.82485613710534,LinearRegression,1,pedestrian_area_1080p25_short.y4m,time,3113,25,2
1.4520724899306632,3.2407145872365937,12.902755763254795,RandomForest,1,pedestrian_area_1080p25_short.y4m,time,3113,25,2
3.689288869853054,4.7870360266802665,68.10988171750392,LinearRegression,2,pedestrian_area_1080p25_short.y4m,time,3113,25,3
1.4887304370602643,3.123398203635064,12.965791131551828,RandomForest,2,pedestrian_area_1080p25_short.y4m,time,3113,25,3
3.596868996941492,4.64885132225927,71.7020260973274,LinearRegression,3,pedestrian_area_1080p25_short.y4m,time,3113,25,4
1.4414726440297752,3.364024760984601,12.320176532901094,RandomForest,3,pedestrian_area_1080p25_short.y4m,time,3113,25,4
3.413109027224442,4.380767126542613,68.42915133407388,LinearRegression,4,pedestrian_area_1080p25_short.y4m,time,3113,25,5
1.2743962050703588,3.0158064738220918,11.522545735145595,RandomForest,4,pedestrian_area_1080p25_short.y4m,time,3113,25,5
3.6031635368639283,4.643443701098813,75.39629736959472,LinearRegression,5,pedestrian_area_1080p25_short.y4m,time,3113,25,6
1.363505404494239,3.061743614809846,12.07099186285705,RandomForest,5,pedestrian_area_1080p25_short.y4m,time,3113,25,6
3.5597442929188268,4.665072523170565,62.51208996487786,LinearRegression,6,pedestrian_area_1080p25_short.y4m,time,3113,25,7
1.314617813211653,3.058532857038473,11.405784701820847,RandomForest,6,pedestrian_area_1080p25_short.y4m,time,3113,25,7
3.480313901315235,4.466515534704809,76.70830765984863,LinearRegression,7,pedestrian_area_1080p25_short.y4m,time,3113,25,8
1.3702553607754664,3.166681348490313,12.46270087954453,RandomForest,7,pedestrian_area_1080p25_short.y4m,time,3113,25,8
3.548371561026236,4.5850054647246825,77.75264136707014,LinearRegression,8,pedestrian_area_1080p25_short.y4m,time,3113,25,9
1.1961231542095785,2.715206826857319,11.305938851646399,RandomForest,8,pedestrian_area_1080p25_short.y4m,time,3113,25,9
3.586291519940523,4.781165432647115,71.70255691601459,LinearRegression,9,pedestrian_area_1080p25_short.y4m,time,3113,25,10
1.3687651316024259,3.1113027970697016,12.04047600602529,RandomForest,9,pedestrian_area_1080p25_short.y4m,time,3113,25,10
3.426058206198879,4.4306830724692485,72.24437546608449,LinearRegression,10,pedestrian_area_1080p25_short.y4m,time,3113,25,11
1.279292978930866,3.0042663860723824,11.840106886430519,RandomForest,10,pedestrian_area_1080p25_short.y4m,time,3113,25,11
3.5177497560457374,4.58230452915711,71.50998694717428,LinearRegression,11,pedestrian_area_1080p25_short.y4m,time,3113,25,12
1.351012515295198,3.104310258981784,12.21975473558413,RandomForest,11,pedestrian_area_1080p25_short.y4m,time,3113,25,12
3.502624299845344,4.5960690336384955,65.63460862793299,LinearRegression,12,pedestrian_area_1080p25_short.y4m,time,3113,25,13
1.3791007114178648,3.2023387491063247,11.802401575245936,RandomForest,12,pedestrian_area_1080p25_short.y4m,time,3113,25,13
3.5248913527552164,4.538356017872425,66.18139672489485,LinearRegression,13,pedestrian_area_1080p25_short.y4m,time,3113,25,14
1.3944947488401143,3.1300947104231014,12.648868795722763,RandomForest,13,pedestrian_area_1080p25_short.y4m,time,3113,25,14
3.556296944439296,4.558876081116948,71.14340454553826,LinearRegression,14,pedestrian_area_1080p25_short.y4m,time,3113,25,15
1.3246953488579594,3.0328414562493586,11.468134612567788,RandomForest,14,pedestrian_area_1080p25_short.y4m,time,3113,25,15
3.5171875346345995,4.582464937469162,65.08987394832204,LinearRegression,15,pedestrian_area_1080p25_short.y4m,time,3113,25,16
1.2911939191393929,2.9357370895055617,12.160020829615318,RandomForest,15,pedestrian_area_1080p25_short.y4m,time,3113,25,16
3.593617080881378,4.7004292176668026,67.70874904849389,LinearRegression,16,pedestrian_area_1080p25_short.y4m,time,3113,25,17
1.4904249528398097,3.2810548372039556,12.099352136136094,RandomForest,16,pedestrian_area_1080p25_short.y4m,time,3113,25,17
3.6146896959013963,4.722047320984989,79.26148294893854,LinearRegression,17,pedestrian_area_1080p25_short.y4m,time,3113,25,18
1.4876051132481916,3.3676559629812908,12.576624756083818,RandomForest,17,pedestrian_area_1080p25_short.y4m,time,3113,25,18
3.596311224609573,4.5902117458851714,75.52307909920587,LinearRegression,18,pedestrian_area_1080p25_short.y4m,time,3113,25,19
1.4006113531788542,3.1333163730150333,12.437294756556264,RandomForest,18,pedestrian_area_1080p25_short.y4m,time,3113,25,19
3.6431700159493396,4.704237564611444,76.00834604112968,LinearRegression,19,pedestrian_area_1080p25_short.y4m,time,3113,25,20
1.4197528528092187,3.146411484562414,12.018746546120013,RandomForest,19,pedestrian_area_1080p25_short.y4m,time,3113,25,20
3.704665307011998,4.849895091327906,72.20998365136464,LinearRegression,20,pedestrian_area_1080p25_short.y4m,time,3113,25,21
1.4848122234118493,3.2998191690597665,12.452059919124082,RandomForest,20,pedestrian_area_1080p25_short.y4m,time,3113,25,21
3.641545652415483,4.8119501797962965,63.56832947218155,LinearRegression,21,pedestrian_area_1080p25_short.y4m,time,3113,25,22
1.447438992811257,3.236706731075067,11.955891622922584,RandomForest,21,pedestrian_area_1080p25_short.y4m,time,3113,25,22
3.525872313176863,4.6657377139862435,69.63806365203318,LinearRegression,22,pedestrian_area_1080p25_short.y4m,time,3113,25,23
1.2670791311690641,2.719392649248204,12.24693349209952,RandomForest,22,pedestrian_area_1080p25_short.y4m,time,3113,25,23
3.59710590316777,4.7229497696711356,69.90504638337103,LinearRegression,23,pedestrian_area_1080p25_short.y4m,time,3113,25,24
1.365004994540466,3.016878925080603,11.423746097736288,RandomForest,23,pedestrian_area_1080p25_short.y4m,time,3113,25,24
3.582736003277962,4.686489971869328,69.55389151749239,LinearRegression,24,pedestrian_area_1080p25_short.y4m,time,3113,25,25
1.4594950520036714,3.206630981959696,12.980812408023004,RandomForest,24,pedestrian_area_1080p25_short.y4m,time,3113,25,25
3.5080153077521157,4.547120111463912,75.33542720099256,LinearRegression,25,pedestrian_area_1080p25_short.y4m,time,3113,25,26
1.3275273212373826,3.0893061102715555,11.640379421416558,RandomForest,25,pedestrian_area_1080p25_short.y4m,time,3113,25,26
3.5473320522727456,4.58482749065807,73.92145293499883,LinearRegression,26,pedestrian_area_1080p25_short.y4m,time,3113,25,27
1.2871910854491686,2.9874796564229813,11.600166127864139,RandomForest,26,pedestrian_area_1080p25_short.y4m,time,3113,25,27
3.6829593333942197,4.764897021446311,68.29867390674991,LinearRegression,27,pedestrian_area_1080p25_short.y4m,time,3113,25,28
1.5842057862368728,3.414282409805601,12.843579526043902,RandomForest,27,pedestrian_area_1080p25_short.y4m,time,3113,25,28
3.479867157725218,4.547975842885119,66.5435886592826,LinearRegression,28,pedestrian_area_1080p25_short.y4m,time,3113,25,29
1.4148294503925771,3.184349008719266,12.162707884417644,RandomForest,28,pedestrian_area_1080p25_short.y4m,time,3113,25,29
3.453996711298787,4.447200312848447,66.64743660370708,LinearRegression,29,pedestrian_area_1080p25_short.y4m,time,3113,25,30
1.3436815939507525,3.099334875931141,12.097071070788449,RandomForest,29,pedestrian_area_1080p25_short.y4m,time,3113,25,30
6.900813658655255,9.164071816793435,66.32544421558372,LinearRegression,0,riverbed_1080p25_short.y4m,time,3113,25,1
2.680387622871416,6.05645853855379,12.500025488811731,RandomForest,0,riverbed_1080p25_short.y4m,time,3113,25,1
6.710341603613323,8.845135343988892,61.33845096654329,LinearRegression,1,riverbed_1080p25_short.y4m,time,3113,25,2
2.803448424212298,6.410867013757626,13.137893652678123,RandomForest,1,riverbed_1080p25_short.y4m,time,3113,25,2
6.945327884468628,9.172117988159052,63.26195168295764,LinearRegression,2,riverbed_1080p25_short.y4m,time,3113,25,3
2.8558050239624766,5.99893734174142,13.118454407506627,RandomForest,2,riverbed_1080p25_short.y4m,time,3113,25,3
6.766660577523958,8.906867361455278,66.39283959597216,LinearRegression,3,riverbed_1080p25_short.y4m,time,3113,25,4
2.7265552513510753,6.387991801037913,12.523108088272943,RandomForest,3,riverbed_1080p25_short.y4m,time,3113,25,4
6.35482748132031,8.365354909215178,62.93702483162124,LinearRegression,4,riverbed_1080p25_short.y4m,time,3113,25,5
2.4794673804425416,6.033273089522491,11.99931588259568,RandomForest,4,riverbed_1080p25_short.y4m,time,3113,25,5
6.687655248426729,8.862265896701729,69.57535780068686,LinearRegression,5,riverbed_1080p25_short.y4m,time,3113,25,6
2.615393771094627,5.971619322538029,12.419424777955767,RandomForest,5,riverbed_1080p25_short.y4m,time,3113,25,6
6.645918295340244,9.00265681001805,57.629512474493204,LinearRegression,6,riverbed_1080p25_short.y4m,time,3113,25,7
2.56662054484892,5.918729927602591,11.778377180473887,RandomForest,6,riverbed_1080p25_short.y4m,time,3113,25,7
6.421787015827909,8.434927418159573,69.51575328887445,LinearRegression,7,riverbed_1080p25_short.y4m,time,3113,25,8
2.61249818681809,6.0824395348776985,12.687811078317097,RandomForest,7,riverbed_1080p25_short.y4m,time,3113,25,8
6.618532872220813,8.741366801922561,71.13874977416626,LinearRegression,8,riverbed_1080p25_short.y4m,time,3113,25,9
2.3269211986973577,5.249663739607923,11.693975501930474,RandomForest,8,riverbed_1080p25_short.y4m,time,3113,25,9
6.718052948011,9.196561864667386,66.11289197932527,LinearRegression,9,riverbed_1080p25_short.y4m,time,3113,25,10
2.645154980562353,6.134430679452469,12.261771038137937,RandomForest,9,riverbed_1080p25_short.y4m,time,3113,25,10
6.355988790374045,8.434871544020961,65.48188588647417,LinearRegression,10,riverbed_1080p25_short.y4m,time,3113,25,11
2.464486786479046,5.7986705860807355,12.169099614786257,RandomForest,10,riverbed_1080p25_short.y4m,time,3113,25,11
6.523949687144532,8.764543720673894,65.07691514531183,LinearRegression,11,riverbed_1080p25_short.y4m,time,3113,25,12
2.5733531925537885,5.873805920160829,12.56858199346219,RandomForest,11,riverbed_1080p25_short.y4m,time,3113,25,12
6.593990812392461,8.927946264336889,60.5603428861747,LinearRegression,12,riverbed_1080p25_short.y4m,time,3113,25,13
2.7013316873151845,6.3699851333277495,12.157130114701424,RandomForest,12,riverbed_1080p25_short.y4m,time,3113,25,13
6.6210449500323,8.678765810142615,61.307260572572005,LinearRegression,13,riverbed_1080p25_short.y4m,time,3113,25,14
2.7386789812548855,6.171757353368633,13.096401041251394,RandomForest,13,riverbed_1080p25_short.y4m,time,3113,25,14
6.583391678852917,8.612080596846702,66.26972007231977,LinearRegression,14,riverbed_1080p25_short.y4m,time,3113,25,15
2.547185209544204,5.822992546939242,11.733243774079288,RandomForest,14,riverbed_1080p25_short.y4m,time,3113,25,15
6.549998295204224,8.696288597765927,59.824896098008026,LinearRegression,15,riverbed_1080p25_short.y4m,time,3113,25,16
2.449684783318037,5.556210278471913,12.40079799868016,RandomForest,15,riverbed_1080p25_short.y4m,time,3113,25,16
6.799793389748098,9.131907176277844,63.054676319507095,LinearRegression,16,riverbed_1080p25_short.y4m,time,3113,25,17
2.8783426586876715,6.404383119837805,12.456699517766644,RandomForest,16,riverbed_1080p25_short.y4m,time,3113,25,17
6.73557613093684,9.060533942778886,72.76046107302713,LinearRegression,17,riverbed_1080p25_short.y4m,time,3113,25,18
2.78988677264964,6.258693245206277,12.701336992525194,RandomForest,17,riverbed_1080p25_short.y4m,time,3113,25,18
6.738967952766814,8.759170115391806,69.67818029389733,LinearRegression,18,riverbed_1080p25_short.y4m,time,3113,25,19
2.693179369986574,6.03107257750681,12.787670001252009,RandomForest,18,riverbed_1080p25_short.y4m,time,3113,25,19
6.835538986505431,9.04051205142356,69.56587547054536,LinearRegression,19,riverbed_1080p25_short.y4m,time,3113,25,20
2.7247500278500048,6.049235424870777,12.26456396414439,RandomForest,19,riverbed_1080p25_short.y4m,time,3113,25,20
6.92470743318911,9.428101940715269,66.05850236847117,LinearRegression,20,riverbed_1080p25_short.y4m,time,3113,25,21
2.9699685117773003,6.591008039798684,13.003493100683567,RandomForest,20,riverbed_1080p25_short.y4m,time,3113,25,21
6.84799693316876,9.31119315106398,58.70679913498933,LinearRegression,21,riverbed_1080p25_short.y4m,time,3113,25,22
2.7404168854517152,6.17234709690363,12.203501059471119,RandomForest,21,riverbed_1080p25_short.y4m,time,3113,25,22
6.612978084856966,8.89663892037669,63.925687342949324,LinearRegression,22,riverbed_1080p25_short.y4m,time,3113,25,23
2.426340216299582,5.1096428371693685,12.651914740046305,RandomForest,22,riverbed_1080p25_short.y4m,time,3113,25,23
6.731000456440395,8.945902886447154,65.32562591440615,LinearRegression,23,riverbed_1080p25_short.y4m,time,3113,25,24
2.6047781192855446,5.842123676039528,11.612657185267604,RandomForest,23,riverbed_1080p25_short.y4m,time,3113,25,24
6.678255631911192,8.985936587612796,63.67562050135077,LinearRegression,24,riverbed_1080p25_short.y4m,time,3113,25,25
2.803576443356786,6.1611001765823366,13.385599466075963,RandomForest,24,riverbed_1080p25_short.y4m,time,3113,25,25
6.591033300682034,8.746210166326831,69.92671127816632,LinearRegression,25,riverbed_1080p25_short.y4m,time,3113,25,26
2.52980129197682,5.841859546856902,11.889830154412634,RandomForest,25,riverbed_1080p25_short.y4m,time,3113,25,26
6.569981774612412,8.711942833050829,67.7543648735397,LinearRegression,26,riverbed_1080p25_short.y4m,time,3113,25,27
2.4732718890205954,5.623209470905332,11.846025637145614,RandomForest,26,riverbed_1080p25_short.y4m,time,3113,25,27
6.858505885884085,9.117291410117923,62.95449764868989,LinearRegression,27,riverbed_1080p25_short.y4m,time,3113,25,28
3.010101322121104,6.421657887758945,13.217577204155232,RandomForest,27,riverbed_1080p25_short.y4m,time,3113,25,28
6.568061094062663,8.807845590726615,61.505605009179796,LinearRegression,28,riverbed_1080p25_short.y4m,time,3113,25,29
2.7136759092357488,6.112372677683415,12.52209619588813,RandomForest,28,riverbed_1080p25_short.y4m,time,3113,25,29
6.427692981145608,8.478348009388741,61.33305707487657,LinearRegression,29,riverbed_1080p25_short.y4m,time,3113,25,30
2.6247593795248294,6.072118899733078,12.63314833887628,RandomForest,29,riverbed_1080p25_short.y4m,time,3113,25,30
0.2548505949169839,0.33020516746712436,62.8429117954863,LinearRegression,0,sd_crew_cif_short.y4m,time,3113,25,1
0.09301762338125832,0.21173291619073786,10.591054815239247,RandomForest,0,sd_crew_cif_short.y4m,time,3113,25,1
0.2473860270276472,0.3201493655404448,57.80740531024892,LinearRegression,1,sd_crew_cif_short.y4m,time,3113,25,2
0.09534827846181294,0.2196649520687723,10.953457914645567,RandomForest,1,sd_crew_cif_short.y4m,time,3113,25,2
0.25597597861397225,0.33173790861126534,60.03027649851133,LinearRegression,2,sd_crew_cif_short.y4m,time,3113,25,3
0.10002611546599362,0.212105290949093,11.282931812119164,RandomForest,2,sd_crew_cif_short.y4m,time,3113,25,3
0.24863801889974577,0.32054595437283134,62.605551789878845,LinearRegression,3,sd_crew_cif_short.y4m,time,3113,25,4
0.09490780603140604,0.22357405475308686,10.691611881305182,RandomForest,3,sd_crew_cif_short.y4m,time,3113,25,4
0.2353141173879831,0.3040313960373359,59.2998538769187,LinearRegression,4,sd_crew_cif_short.y4m,time,3113,25,5
0.08587682841337835,0.20866827019702106,10.184208477121542,RandomForest,4,sd_crew_cif_short.y4m,time,3113,25,5
0.2469882371049636,0.3195381134504787,65.29888987286212,LinearRegression,5,sd_crew_cif_short.y4m,time,3113,25,6
0.09117429871520344,0.2074822887851842,10.589000023968492,RandomForest,5,sd_crew_cif_short.y4m,time,3113,25,6
0.244972242390064,0.3225691550343762,55.12303077891249,LinearRegression,6,sd_crew_cif_short.y4m,time,3113,25,7
0.08782454643366973,0.20497210304368346,10.134772383215816,RandomForest,6,sd_crew_cif_short.y4m,time,3113,25,7
0.2392344591057895,0.3065476765142188,66.22395836333854,LinearRegression,7,sd_crew_cif_short.y4m,time,3113,25,8
0.0905961626899154,0.21381113944078717,10.904321390413664,RandomForest,7,sd_crew_cif_short.y4m,time,3113,25,8
0.24357231963999643,0.3163013843354196,66.42839601621735,LinearRegression,8,sd_crew_cif_short.y4m,time,3113,25,9
0.08053663310220585,0.18464168282973803,9.867586948396797,RandomForest,8,sd_crew_cif_short.y4m,time,3113,25,9
0.2472865525873744,0.3303929517864197,62.08749838185855,LinearRegression,9,sd_crew_cif_short.y4m,time,3113,25,10
0.09127260509075148,0.21285896132417545,10.468334489565505,RandomForest,9,sd_crew_cif_short.y4m,time,3113,25,10
0.23704762915608504,0.3069202274066519,63.37210039849985,LinearRegression,10,sd_crew_cif_short.y4m,time,3113,25,11
0.0851137835857041,0.20226602343017253,10.367421522200203,RandomForest,10,sd_crew_cif_short.y4m,time,3113,25,11
0.24255640351204683,0.31669526708428986,61.92049255620535,LinearRegression,11,sd_crew_cif_short.y4m,time,3113,25,12
0.09035789512593047,0.20540291232550625,10.723375792700393,RandomForest,11,sd_crew_cif_short.y4m,time,3113,25,12
0.24143281012462509,0.31824514919986624,57.15009359525607,LinearRegression,12,sd_crew_cif_short.y4m,time,3113,25,13
0.09137938513306823,0.2147341902442538,10.332787470595957,RandomForest,12,sd_crew_cif_short.y4m,time,3113,25,13
0.2425220098547053,0.31315065028058164,57.94403027497906,LinearRegression,13,sd_crew_cif_short.y4m,time,3113,25,14
0.09343174836851242,0.20870181176952873,10.95081364368224,RandomForest,13,sd_crew_cif_short.y4m,time,3113,25,14
0.2451089548965113,0.3141203429362933,62.18933267285642,LinearRegression,14,sd_crew_cif_short.y4m,time,3113,25,15
0.08806568369531967,0.20139191657106092,10.0215467170606,RandomForest,14,sd_crew_cif_short.y4m,time,3113,25,15
0.24427299320782855,0.3173160020961596,56.944357645415025,LinearRegression,15,sd_crew_cif_short.y4m,time,3113,25,16
0.08590522481815718,0.19574505565281272,10.50492745322395,RandomForest,15,sd_crew_cif_short.y4m,time,3113,25,16
0.24676550031398933,0.3231483411850422,59.30247626140234,LinearRegression,16,sd_crew_cif_short.y4m,time,3113,25,17
0.09939222526001847,0.21940090974136392,10.622090238072241,RandomForest,16,sd_crew_cif_short.y4m,time,3113,25,17
0.24841089112616943,0.3258510861206387,68.05647509141492,LinearRegression,17,sd_crew_cif_short.y4m,time,3113,25,18
0.09815286721219545,0.219967429034605,11.11524780400713,RandomForest,17,sd_crew_cif_short.y4m,time,3113,25,18
0.2477941959176999,0.31467717716847415,65.57873163363854,LinearRegression,18,sd_crew_cif_short.y4m,time,3113,25,19
0.09435088193807141,0.21284382233204394,10.794896137370865,RandomForest,18,sd_crew_cif_short.y4m,time,3113,25,19
0.25076011158688644,0.32614059066539536,64.97562162207011,LinearRegression,19,sd_crew_cif_short.y4m,time,3113,25,20
0.09558360055317636,0.2123000640495116,10.499658395413066,RandomForest,19,sd_crew_cif_short.y4m,time,3113,25,20
0.25540295794210827,0.33710121056781295,62.60026619220237,LinearRegression,20,sd_crew_cif_short.y4m,time,3113,25,21
0.10001286192260633,0.22436938392127773,11.034762757862904,RandomForest,20,sd_crew_cif_short.y4m,time,3113,25,21
0.25001352493405304,0.3302702255346664,55.956606686656265,LinearRegression,21,sd_crew_cif_short.y4m,time,3113,25,22
0.09580541093096773,0.2134180425184632,10.56612994055182,RandomForest,21,sd_crew_cif_short.y4m,time,3113,25,22
0.2428692658546646,0.31874105829832194,61.18261230268745,LinearRegression,22,sd_crew_cif_short.y4m,time,3113,25,23
0.08300143921433674,0.17927278184410259,10.606442889950012,RandomForest,22,sd_crew_cif_short.y4m,time,3113,25,23
0.2465142280073924,0.3204515754381207,61.54365744366951,LinearRegression,23,sd_crew_cif_short.y4m,time,3113,25,24
0.0886447978484756,0.20008258196411688,9.933012135448106,RandomForest,23,sd_crew_cif_short.y4m,time,3113,25,24
0.24683367632481262,0.3227809584362766,60.921318220642526,LinearRegression,24,sd_crew_cif_short.y4m,time,3113,25,25
0.09708844549811359,0.2123017097349915,11.313403047763593,RandomForest,24,sd_crew_cif_short.y4m,time,3113,25,25
0.24375653987638043,0.3151504379476775,65.76512656859337,LinearRegression,25,sd_crew_cif_short.y4m,time,3113,25,26
0.08707869876108897,0.20216798926864274,10.133413593466969,RandomForest,25,sd_crew_cif_short.y4m,time,3113,25,26
0.2424128894507962,0.3145185913835125,63.76454484927528,LinearRegression,26,sd_crew_cif_short.y4m,time,3113,25,27
0.08359078113847253,0.19507294633849764,9.898600049270971,RandomForest,26,sd_crew_cif_short.y4m,time,3113,25,27
0.2528337504934696,0.32869765647790206,59.39042732454415,LinearRegression,27,sd_crew_cif_short.y4m,time,3113,25,28
0.10554294891404097,0.22734174863984957,11.418893236257915,RandomForest,27,sd_crew_cif_short.y4m,time,3113,25,28
0.23915667525366183,0.31457635789713284,58.232125049146035,LinearRegression,28,sd_crew_cif_short.y4m,time,3113,25,29
0.09348905641378592,0.2107847470656129,10.608565441769791,RandomForest,28,sd_crew_cif_short.y4m,time,3113,25,29
0.23616829773674267,0.3035171928431989,58.48845562018129,LinearRegression,29,sd_crew_cif_short.y4m,time,3113,25,30
0.08937747251113155,0.20910547803599122,10.698800189509015,RandomForest,29,sd_crew_cif_short.y4m,time,3113,25,30
